Case,Cone_Angle,Omega_RPM,Pitch_Angle,Vz_ms,Iterations,Avg_Fpx,Avg_Fpy,Avg_Fpz,Avg_Mpx,Avg_Mpy,Avg_Mpz,Cd,Cd(f),Cd(r),Cl,Cl(f),Cl(r),CmPitch,CmRoll,CmYaw,Cs,Cs(f),Cs(r)
9_400_-2,9,4.000000e+02,-2,3.500000e+00,2000,-5.650118e-02,3.192797e-02,3.094853e-01,-2.484638e-03,-1.933399e-02,1.671907e-03,2.735413e+00,1.543155e+00,1.192258e+00,-4.729263e-01,2.017176e+00,-2.490103e+00,2.253639e+00,1.754487e-01,-2.839606e-01,-2.721526e-01,-4.200369e-01,1.478842e-01
9_400_-1,9,4.000000e+02,-1,3.500000e+00,2000,-5.779932e-02,2.803488e-02,3.183239e-01,-2.631158e-03,-2.002343e-02,1.404639e-03,2.813293e+00,1.550894e+00,1.262399e+00,-4.828497e-01,2.091868e+00,-2.574718e+00,2.333293e+00,1.442478e-01,-3.009968e-01,-2.381676e-01,-4.200806e-01,1.819130e-01
9_400_0,9,4.000000e+02,0,3.500000e+00,2000,-5.891169e-02,2.384426e-02,3.266607e-01,-2.735942e-03,-2.062813e-02,1.133419e-03,2.886723e+00,1.556464e+00,1.330259e+00,-4.917626e-01,2.157480e+00,-2.649242e+00,2.403361e+00,1.131026e-01,-3.132544e-01,-2.017502e-01,-4.141295e-01,2.123793e-01
9_425_-2,9,4.250000e+02,-2,3.500000e+00,2000,-5.616069e-02,3.345990e-02,3.164459e-01,-2.468972e-03,-2.028040e-02,1.827663e-03,2.797436e+00,1.589892e+00,1.207545e+00,-4.690925e-01,2.130084e+00,-2.599177e+00,2.364631e+00,1.911736e-01,-2.814655e-01,-2.832233e-01,-4.230772e-01,1.398538e-01
9_425_-1,9,4.250000e+02,-1,3.500000e+00,2000,-5.735563e-02,2.929359e-02,3.233731e-01,-2.584122e-03,-2.082245e-02,1.531101e-03,2.858449e+00,1.585619e+00,1.272830e+00,-4.784873e-01,2.187893e+00,-2.666381e+00,2.427137e+00,1.563945e-01,-2.948499e-01,-2.470302e-01,-4.183650e-01,1.713348e-01
9_425_0,9,4.250000e+02,0,3.500000e+00,2000,-5.832578e-02,2.501084e-02,3.307496e-01,-2.705113e-03,-2.136902e-02,1.246023e-03,2.923474e+00,1.584992e+00,1.338482e+00,-4.860218e-01,2.247378e+00,-2.733399e+00,2.490389e+00,1.232549e-01,-3.089309e-01,-2.095296e-01,-4.136957e-01,2.041661e-01
9_450_-2,9,4.500000e+02,-2,3.500000e+00,2000,-5.581100e-02,3.510845e-02,3.239612e-01,-2.540394e-03,-2.123386e-02,1.953181e-03,2.864462e+00,1.634990e+00,1.229472e+00,-4.645421e-01,2.244069e+00,-2.708611e+00,2.476340e+00,2.027588e-01,-2.890159e-01,-2.949999e-01,-4.365158e-01,1.415160e-01
9_450_-1,9,4.500000e+02,-1,3.500000e+00,2000,-5.733517e-02,3.098014e-02,3.315277e-01,-2.629347e-03,-2.180108e-02,1.646242e-03,2.930934e+00,1.632633e+00,1.298301e+00,-4.772057e-01,2.303157e+00,-2.780363e+00,2.541760e+00,1.671663e-01,-2.994311e-01,-2.597515e-01,-4.293069e-01,1.695554e-01
9_450_0,9,4.500000e+02,0,3.500000e+00,2000,-5.855469e-02,2.660033e-02,3.394376e-01,-2.724381e-03,-2.235651e-02,1.347652e-03,3.000566e+00,1.633045e+00,1.367520e+00,-4.873027e-01,2.362381e+00,-2.849684e+00,2.606032e+00,1.327623e-01,-3.105739e-01,-2.220325e-01,-4.215901e-01,1.995576e-01
9_475_-2,9,4.750000e+02,-2,3.500000e+00,2000,-5.579021e-02,3.685540e-02,3.339888e-01,-2.577963e-03,-2.220974e-02,2.093749e-03,2.953635e+00,1.693142e+00,1.260493e+00,-4.628263e-01,2.359223e+00,-2.822049e+00,2.590636e+00,2.163242e-01,-2.926940e-01,-3.079896e-01,-4.466888e-01,1.386992e-01
9_475_-1,9,4.750000e+02,-1,3.500000e+00,2000,-5.749548e-02,3.261256e-02,3.420471e-01,-2.667138e-03,-2.284179e-02,1.780067e-03,3.024345e+00,1.692480e+00,1.331865e+00,-4.773297e-01,2.424924e+00,-2.902253e+00,2.663588e+00,1.803071e-01,-3.031863e-01,-2.719320e-01,-4.391523e-01,1.672203e-01
9_475_0,9,4.750000e+02,0,3.500000e+00,2000,-5.902602e-02,2.810354e-02,3.505349e-01,-2.761076e-03,-2.342719e-02,1.465320e-03,3.098993e+00,1.693629e+00,1.405364e+00,-4.903567e-01,2.486159e+00,-2.976515e+00,2.731337e+00,1.441325e-01,-3.142349e-01,-2.334258e-01,-4.309478e-01,1.975219e-01
9_500_-2,9,5.000000e+02,-2,3.500000e+00,2000,-5.601740e-02,3.907032e-02,3.449873e-01,-2.574984e-03,-2.317400e-02,2.240450e-03,3.051393e+00,1.756514e+00,1.294878e+00,-4.633912e-01,2.471884e+00,-2.935275e+00,2.703580e+00,2.308181e-01,-2.917179e-01,-3.258113e-01,-4.546235e-01,1.288122e-01
9_500_-1,9,5.000000e+02,-1,3.500000e+00,2000,-5.779735e-02,3.454961e-02,3.535099e-01,-2.688333e-03,-2.387746e-02,1.915050e-03,3.126150e+00,1.756393e+00,1.369758e+00,-4.785500e-01,2.545543e+00,-3.024093e+00,2.784818e+00,1.933177e-01,-3.049783e-01,-2.868537e-01,-4.484052e-01,1.615514e-01
9_500_0,9,5.000000e+02,0,3.500000e+00,2000,-5.935051e-02,2.992490e-02,3.617995e-01,-2.783994e-03,-2.449286e-02,1.579186e-03,3.198998e+00,1.754239e+00,1.444759e+00,-4.919683e-01,2.610063e+00,-3.102032e+00,2.856048e+00,1.547400e-01,-3.162398e-01,-2.473274e-01,-4.399035e-01,1.925761e-01
9_525_-2,9,5.250000e+02,-2,3.500000e+00,2000,-5.619783e-02,4.138611e-02,3.558250e-01,-2.537323e-03,-2.409439e-02,2.368122e-03,3.147695e+00,1.817214e+00,1.330481e+00,-4.640277e-01,2.579406e+00,-3.043434e+00,2.811420e+00,2.433663e-01,-2.867979e-01,-3.451041e-01,-4.593500e-01,1.142459e-01
9_525_-1,9,5.250000e+02,-1,3.500000e+00,2000,-5.812715e-02,3.671035e-02,3.650637e-01,-2.680820e-03,-2.488832e-02,2.040816e-03,3.228772e+00,1.819574e+00,1.409199e+00,-4.801272e-01,2.663080e+00,-3.143207e+00,2.903143e+00,2.051876e-01,-3.034462e-01,-3.040513e-01,-4.554719e-01,1.514205e-01
9_525_0,9,5.250000e+02,0,3.500000e+00,2000,-5.976732e-02,3.177197e-02,3.735736e-01,-2.801982e-03,-2.555167e-02,1.682518e-03,3.303491e+00,1.815630e+00,1.487860e+00,-4.943595e-01,2.732750e+00,-3.227109e+00,2.979929e+00,1.638850e-01,-3.176532e-01,-2.615017e-01,-4.484041e-01,1.869024e-01
9_550_-2,9,5.500000e+02,-2,3.500000e+00,2000,-5.634256e-02,4.219032e-02,3.645397e-01,-2.506596e-03,-2.475692e-02,2.460244e-03,3.225186e+00,1.863477e+00,1.361708e+00,-4.652048e-01,2.656729e+00,-3.121934e+00,2.889332e+00,2.508845e-01,-2.825815e-01,-3.500686e-01,-4.576158e-01,1.075472e-01
9_550_-1,9,5.500000e+02,-1,3.500000e+00,2000,-5.821251e-02,3.862080e-02,3.753543e-01,-2.653115e-03,-2.578827e-02,2.141180e-03,3.320204e+00,1.874134e+00,1.446070e+00,-4.802252e-01,2.768495e+00,-3.248720e+00,3.008608e+00,2.140319e-01,-2.995992e-01,-3.192913e-01,-4.592449e-01,1.399535e-01
9_550_0,9,5.500000e+02,0,3.500000e+00,2000,-6.004453e-02,3.365584e-02,3.847636e-01,-2.807121e-03,-2.655219e-02,1.776525e-03,3.402836e+00,1.873147e+00,1.529689e+00,-4.957383e-01,2.849171e+00,-3.344909e+00,3.097040e+00,1.717289e-01,-3.175579e-01,-2.760726e-01,-4.555942e-01,1.795216e-01
3_400_-2,3,4.000000e+02,-2,4.000000e+00,2000,-3.110499e-02,3.411698e-02,3.608121e-01,-2.796811e-03,-2.128059e-02,2.059045e-03,2.437929e+00,1.386274e+00,1.051654e+00,-1.932026e-01,1.802312e+00,-1.995515e+00,1.898913e+00,1.673101e-01,-2.468226e-01,-2.225215e-01,-3.580834e-01,1.355618e-01
3_400_-1,3,4.000000e+02,-1,4.000000e+00,2000,-3.156918e-02,2.869219e-02,3.679411e-01,-2.874549e-03,-2.170374e-02,1.752198e-03,2.485847e+00,1.382996e+00,1.102851e+00,-1.957695e-01,1.838396e+00,-2.034165e+00,1.936280e+00,1.400725e-01,-2.538044e-01,-1.864023e-01,-3.470055e-01,1.606032e-01
3_400_0,3,4.000000e+02,0,4.000000e+00,2000,-3.197127e-02,2.312432e-02,3.750994e-01,-2.950254e-03,-2.217457e-02,1.419177e-03,2.533999e+00,1.377641e+00,1.156357e+00,-1.979020e-01,1.878868e+00,-2.076770e+00,1.977819e+00,1.106419e-01,-2.606336e-01,-1.495947e-01,-3.354310e-01,1.858363e-01
3_425_-2,3,4.250000e+02,-2,4.000000e+00,2000,-2.994721e-02,3.595860e-02,3.678838e-01,-2.787932e-03,-2.241008e-02,2.273805e-03,2.486301e+00,1.426847e+00,1.059455e+00,-1.838151e-01,1.908313e+00,-2.092128e+00,2.000220e+00,1.836959e-01,-2.455896e-01,-2.322317e-01,-3.617055e-01,1.294738e-01
3_425_-1,3,4.250000e+02,-1,4.000000e+00,2000,-3.060564e-02,3.060007e-02,3.760372e-01,-2.863245e-03,-2.292342e-02,1.964236e-03,2.541054e+00,1.426671e+00,1.114382e+00,-1.876906e-01,1.951741e+00,-2.139431e+00,2.045586e+00,1.561444e-01,-2.523497e-01,-1.966044e-01,-3.506519e-01,1.540475e-01
3_425_0,3,4.250000e+02,0,4.000000e+00,2000,-3.125050e-02,2.525003e-02,3.846271e-01,-2.943599e-03,-2.351623e-02,1.621012e-03,2.598815e+00,1.425333e+00,1.173482e+00,-1.912643e-01,2.002297e+00,-2.193561e+00,2.097929e+00,1.259253e-01,-2.595964e-01,-1.614646e-01,-3.403286e-01,1.788641e-01
3_450_-2,3,4.500000e+02,-2,4.000000e+00,2000,-2.857172e-02,3.827994e-02,3.770099e-01,-2.780490e-03,-2.358536e-02,2.473963e-03,2.548490e+00,1.473671e+00,1.074819e+00,-1.727335e-01,2.019168e+00,-2.191901e+00,2.105534e+00,1.994262e-01,-2.445722e-01,-2.460259e-01,-3.675852e-01,1.215593e-01
3_450_-1,3,4.500000e+02,-1,4.000000e+00,2000,-2.946238e-02,3.290405e-02,3.852166e-01,-2.862021e-03,-2.413938e-02,2.157799e-03,2.603556e+00,1.472822e+00,1.130734e+00,-1.782469e-01,2.065394e+00,-2.243640e+00,2.154517e+00,1.710442e-01,-2.518488e-01,-2.100302e-01,-3.568639e-01,1.468337e-01
3_450_0,3,4.500000e+02,0,4.000000e+00,2000,-3.029823e-02,2.755115e-02,3.941004e-01,-2.944927e-03,-2.478063e-02,1.806514e-03,2.663257e+00,1.471609e+00,1.191647e+00,-1.830795e-01,2.119601e+00,-2.302681e+00,2.211141e+00,1.399810e-01,-2.593039e-01,-1.748579e-01,-3.467329e-01,1.718750e-01
3_475_-2,3,4.750000e+02,-2,4.000000e+00,2000,-2.708784e-02,4.184515e-02,3.906306e-01,-2.720041e-03,-2.498496e-02,2.707098e-03,2.640960e+00,1.540043e+00,1.100916e+00,-1.607296e-01,2.150437e+00,-2.311167e+00,2.230802e+00,2.195637e-01,-2.390003e-01,-2.700378e-01,-3.740192e-01,1.039814e-01
3_475_-1,3,4.750000e+02,-1,4.000000e+00,2000,-2.825291e-02,3.593413e-02,3.973114e-01,-2.836358e-03,-2.551408e-02,2.346796e-03,2.685680e+00,1.529530e+00,1.156151e+00,-1.682489e-01,2.193405e+00,-2.361654e+00,2.277529e+00,1.866896e-01,-2.493019e-01,-2.296614e-01,-3.641326e-01,1.344712e-01
3_475_0,3,4.750000e+02,0,4.000000e+00,2000,-2.932949e-02,3.024362e-02,4.057652e-01,-2.941616e-03,-2.612315e-02,1.973238e-03,2.742446e+00,1.524328e+00,1.218118e+00,-1.747433e-01,2.243904e+00,-2.418648e+00,2.331276e+00,1.531052e-01,-2.586890e-01,-1.917165e-01,-3.545472e-01,1.628307e-01
3_500_-2,3,5.000000e+02,-2,4.000000e+00,2000,-2.636383e-02,4.539153e-02,4.037831e-01,-2.645625e-03,-2.614682e-02,2.916187e-03,2.730293e+00,1.601685e+00,1.128607e+00,-1.541110e-01,2.257849e+00,-2.411960e+00,2.334904e+00,2.365391e-01,-2.321006e-01,-2.930843e-01,-3.786427e-01,8.555846e-02
3_500_-1,3,5.000000e+02,-1,4.000000e+00,2000,-2.701611e-02,3.946035e-02,4.119315e-01,-2.724218e-03,-2.683695e-02,2.552459e-03,2.784885e+00,1.597035e+00,1.187850e+00,-1.584018e-01,2.316764e+00,-2.475166e+00,2.395965e+00,2.045921e-01,-2.391642e-01,-2.537114e-01,-3.660199e-01,1.123085e-01
3_500_0,3,5.000000e+02,0,4.000000e+00,2000,-2.821839e-02,3.304004e-02,4.188432e-01,-2.863283e-03,-2.742560e-02,2.133483e-03,2.831174e+00,1.582408e+00,1.248767e+00,-1.659038e-01,2.364927e+00,-2.530830e+00,2.447878e+00,1.668206e-01,-2.515432e-01,-2.104984e-01,-3.567924e-01,1.462940e-01
3_525_-2,3,5.250000e+02,-2,4.000000e+00,2000,-2.573252e-02,4.861189e-02,4.160896e-01,-2.578814e-03,-2.721070e-02,3.097535e-03,2.813905e+00,1.657681e+00,1.156223e+00,-1.484183e-01,2.356067e+00,-2.504486e+00,2.430276e+00,2.507290e-01,-2.258680e-01,-3.137320e-01,-3.827340e-01,6.900201e-02
3_525_-1,3,5.250000e+02,-1,4.000000e+00,2000,-2.648101e-02,4.265838e-02,4.244251e-01,-2.675072e-03,-2.795795e-02,2.739235e-03,2.869760e+00,1.653836e+00,1.215924e+00,-1.531372e-01,2.419838e+00,-2.572975e+00,2.496407e+00,2.189563e-01,-2.344555e-01,-2.738036e-01,-3.713573e-01,9.755373e-02
3_525_0,3,5.250000e+02,0,4.000000e+00,2000,-2.757065e-02,3.602685e-02,4.325802e-01,-2.828375e-03,-2.868096e-02,2.307388e-03,2.924399e+00,1.642539e+00,1.281859e+00,-1.599083e-01,2.480304e+00,-2.640212e+00,2.560258e+00,1.803400e-01,-2.481267e-01,-2.293873e-01,-3.628204e-01,1.334331e-01
3_550_-2,3,5.500000e+02,-2,4.000000e+00,2000,-2.504573e-02,5.129369e-02,4.274986e-01,-2.527482e-03,-2.816894e-02,3.245818e-03,2.891443e+00,1.707557e+00,1.183887e+00,-1.427650e-01,2.444865e+00,-2.587630e+00,2.516247e+00,2.618349e-01,-2.210279e-01,-3.306356e-01,-3.863457e-01,5.571010e-02
3_550_-1,3,5.500000e+02,-1,4.000000e+00,2000,-2.585183e-02,4.563321e-02,4.369287e-01,-2.625939e-03,-2.903773e-02,2.903573e-03,2.954684e+00,1.708721e+00,1.245963e+00,-1.475773e-01,2.519400e+00,-2.666977e+00,2.593188e+00,2.313791e-01,-2.297754e-01,-2.925496e-01,-3.760502e-01,8.350065e-02
3_550_0,3,5.500000e+02,0,4.000000e+00,2000,-2.694458e-02,3.915593e-02,4.463116e-01,-2.801258e-03,-2.990041e-02,2.479426e-03,3.017613e+00,1.702054e+00,1.315559e+00,-1.540282e-01,2.592421e+00,-2.746449e+00,2.669435e+00,1.932474e-01,-2.453704e-01,-2.489759e-01,-3.698584e-01,1.208824e-01
7_400_-2,7,4.000000e+02,-2,3.000000e+00,2000,-3.252971e-02,2.533081e-02,2.433389e-01,-1.801181e-03,-1.606870e-02,1.498869e-03,2.928470e+00,1.673325e+00,1.255145e+00,-3.606465e-01,2.371135e+00,-2.731781e+00,2.551458e+00,2.090896e-01,-2.787419e-01,-2.863993e-01,-4.219416e-01,1.355423e-01
7_400_-1,7,4.000000e+02,-1,3.000000e+00,2000,-3.349802e-02,2.206176e-02,2.485678e-01,-1.863040e-03,-1.646860e-02,1.276454e-03,2.990883e+00,1.669530e+00,1.321353e+00,-3.719606e-01,2.428446e+00,-2.800406e+00,2.614426e+00,1.740881e-01,-2.886058e-01,-2.480835e-01,-4.126475e-01,1.645641e-01
7_400_0,7,4.000000e+02,0,3.000000e+00,2000,-3.441943e-02,1.870862e-02,2.551454e-01,-1.875717e-03,-1.692858e-02,1.049623e-03,3.068979e+00,1.674414e+00,1.394565e+00,-3.832846e-01,2.494354e+00,-2.877639e+00,2.685996e+00,1.399245e-01,-2.908056e-01,-2.100280e-01,-3.958196e-01,1.857916e-01
7_425_-2,7,4.250000e+02,-2,3.000000e+00,2000,-3.256715e-02,2.759603e-02,2.535031e-01,-1.752028e-03,-1.693761e-02,1.619918e-03,3.051377e+00,1.751795e+00,1.299582e+00,-3.592612e-01,2.510319e+00,-2.869580e+00,2.689949e+00,2.261066e-01,-2.704651e-01,-3.128518e-01,-4.268910e-01,1.140392e-01
7_425_-1,7,4.250000e+02,-1,3.000000e+00,2000,-3.346741e-02,2.413612e-02,2.591312e-01,-1.830486e-03,-1.740070e-02,1.398736e-03,3.118635e+00,1.750043e+00,1.368591e+00,-3.695717e-01,2.578169e+00,-2.947740e+00,2.762954e+00,1.907260e-01,-2.828257e-01,-2.712075e-01,-4.184295e-01,1.472219e-01
7_425_0,7,4.250000e+02,0,3.000000e+00,2000,-3.448946e-02,2.035375e-02,2.653970e-01,-1.875667e-03,-1.787299e-02,1.147743e-03,3.192880e+00,1.748872e+00,1.444008e+00,-3.821537e-01,2.645302e+00,-3.027455e+00,2.836379e+00,1.524321e-01,-2.901144e-01,-2.275071e-01,-4.038680e-01,1.763609e-01
7_450_-2,7,4.500000e+02,-2,3.000000e+00,2000,-3.271074e-02,2.931449e-02,2.625466e-01,-1.728100e-03,-1.768651e-02,1.711011e-03,3.160778e+00,1.817878e+00,1.342900e+00,-3.595826e-01,2.629651e+00,-2.989234e+00,2.809443e+00,2.374886e-01,-2.660743e-01,-3.318863e-01,-4.320174e-01,1.001311e-01
7_450_-1,7,4.500000e+02,-1,3.000000e+00,2000,-3.351426e-02,2.613514e-02,2.690401e-01,-1.823228e-03,-1.826099e-02,1.493346e-03,3.238493e+00,1.821831e+00,1.416662e+00,-3.682246e-01,2.715949e+00,-3.084174e+00,2.900062e+00,2.025847e-01,-2.810305e-01,-2.934762e-01,-4.277686e-01,1.342923e-01
7_450_0,7,4.500000e+02,0,3.000000e+00,2000,-3.469430e-02,2.201661e-02,2.757563e-01,-1.887365e-03,-1.879791e-02,1.229702e-03,3.318043e+00,1.821120e+00,1.496923e+00,-3.826298e-01,2.792296e+00,-3.174926e+00,2.983611e+00,1.620983e-01,-2.912683e-01,-2.452384e-01,-4.138875e-01,1.686491e-01
7_475_-2,7,4.750000e+02,-2,3.000000e+00,2000,-3.279364e-02,3.010377e-02,2.703152e-01,-1.710135e-03,-1.830045e-02,1.788604e-03,3.254839e+00,1.873189e+00,1.381650e+00,-3.599086e-01,2.727667e+00,-3.087576e+00,2.907621e+00,2.457697e-01,-2.625429e-01,-3.387972e-01,-4.319415e-01,9.314432e-02
7_475_-1,7,4.750000e+02,-1,3.000000e+00,2000,-3.347859e-02,2.732530e-02,2.773571e-01,-1.802142e-03,-1.897036e-02,1.561772e-03,3.339109e+00,1.879377e+00,1.459732e+00,-3.670658e-01,2.829782e+00,-3.196847e+00,3.013314e+00,2.098225e-01,-2.770342e-01,-3.055926e-01,-4.298305e-01,1.242379e-01
7_475_0,7,4.750000e+02,0,3.000000e+00,2000,-3.472917e-02,2.358250e-02,2.847823e-01,-1.892174e-03,-1.962987e-02,1.287698e-03,3.427122e+00,1.881384e+00,1.545738e+00,-3.816838e-01,2.925251e+00,-3.306935e+00,3.116093e+00,1.678232e-01,-2.913762e-01,-2.621947e-01,-4.224736e-01,1.602789e-01
7_500_-2,7,5.000000e+02,-2,3.000000e+00,2000,-3.285871e-02,2.996448e-02,2.765816e-01,-1.720495e-03,-1.876063e-02,1.841816e-03,3.330825e+00,1.914861e+00,1.415964e+00,-3.606210e-01,2.801174e+00,-3.161795e+00,2.981484e+00,2.494488e-01,-2.634479e-01,-3.337002e-01,-4.302980e-01,9.659781e-02
7_500_-1,7,5.000000e+02,-1,3.000000e+00,2000,-3.371872e-02,2.691588e-02,2.838168e-01,-1.811757e-03,-1.944550e-02,1.613025e-03,3.417399e+00,1.921475e+00,1.495924e+00,-3.700403e-01,2.904480e+00,-3.274521e+00,3.089501e+00,2.127756e-01,-2.777651e-01,-2.969866e-01,-4.262584e-01,1.292718e-01
7_500_0,7,5.000000e+02,0,3.000000e+00,2000,-3.470605e-02,2.423438e-02,2.919370e-01,-1.885927e-03,-2.025757e-02,1.335413e-03,3.513727e+00,1.927465e+00,1.586262e+00,-3.812029e-01,3.025722e+00,-3.406925e+00,3.216324e+00,1.706014e-01,-2.896096e-01,-2.671536e-01,-4.231864e-01,1.560329e-01
7_525_-2,7,5.250000e+02,-2,3.000000e+00,2000,-3.267036e-02,3.054731e-02,2.821579e-01,-1.712102e-03,-1.926184e-02,1.901817e-03,3.398644e+00,1.953441e+00,1.445203e+00,-3.577582e-01,2.882999e+00,-3.240757e+00,3.061878e+00,2.541193e-01,-2.613143e-01,-3.370916e-01,-4.298601e-01,9.276851e-02
7_525_-1,7,5.250000e+02,-1,3.000000e+00,2000,-3.364365e-02,2.755252e-02,2.902416e-01,-1.797093e-03,-2.002769e-02,1.674318e-03,3.495324e+00,1.965320e+00,1.530004e+00,-3.684545e-01,2.998422e+00,-3.366877e+00,3.182649e+00,2.176580e-01,-2.746299e-01,-3.012305e-01,-4.252451e-01,1.240146e-01
7_525_0,7,5.250000e+02,0,3.000000e+00,2000,-3.467522e-02,2.457394e-02,2.992586e-01,-1.878401e-03,-2.088114e-02,1.396252e-03,3.602299e+00,1.976517e+00,1.625783e+00,-3.803014e-01,3.125761e+00,-3.506063e+00,3.315912e+00,1.753669e-01,-2.876204e-01,-2.678895e-01,-4.215651e-01,1.536756e-01
7_550_-2,7,5.500000e+02,-2,3.000000e+00,2000,-3.234464e-02,3.125752e-02,2.876976e-01,-1.704698e-03,-1.975715e-02,1.959967e-03,3.465961e+00,1.991308e+00,1.474653e+00,-3.533341e-01,2.964707e+00,-3.318041e+00,3.141374e+00,2.583275e-01,-2.593300e-01,-3.421446e-01,-4.304022e-01,8.825767e-02
7_550_-1,7,5.500000e+02,-1,3.000000e+00,2000,-3.347232e-02,2.798932e-02,2.964805e-01,-1.791547e-03,-2.058315e-02,1.729442e-03,3.571004e+00,2.006917e+00,1.564087e+00,-3.656885e-01,3.088739e+00,-3.454427e+00,3.271583e+00,2.214153e-01,-2.729281e-01,-3.027908e-01,-4.243235e-01,1.215327e-01
7_550_0,7,5.500000e+02,0,3.000000e+00,2000,-3.457309e-02,2.511578e-02,3.062741e-01,-1.865315e-03,-2.151189e-02,1.455065e-03,3.687217e+00,2.023428e+00,1.663789e+00,-3.784020e-01,3.227468e+00,-3.605870e+00,3.416669e+00,1.798193e-01,-2.847055e-01,-2.707325e-01,-4.200717e-01,1.493392e-01
1_400_-2,1,4.000000e+02,-2,4.000000e+00,2000,-1.590406e-02,3.225270e-02,3.459261e-01,-2.568088e-03,-2.074627e-02,2.102367e-03,2.337009e+00,1.339833e+00,9.971760e-01,-9.213767e-02,1.805516e+00,-1.897654e+00,1.851585e+00,1.713285e-01,-2.269951e-01,-2.091237e-01,-3.315569e-01,1.224332e-01
1_400_-1,1,4.000000e+02,-1,4.000000e+00,2000,-1.741766e-02,2.668863e-02,3.528334e-01,-2.673584e-03,-2.098882e-02,1.768514e-03,2.383118e+00,1.332468e+00,1.050650e+00,-1.020316e-01,1.821586e+00,-1.923618e+00,1.872602e+00,1.409093e-01,-2.363988e-01,-1.714731e-01,-3.221353e-01,1.506622e-01
1_400_0,1,4.000000e+02,0,4.000000e+00,2000,-1.779411e-02,2.143082e-02,3.590197e-01,-2.757250e-03,-2.136923e-02,1.453761e-03,2.424723e+00,1.325581e+00,1.099142e+00,-1.043710e-01,1.853899e+00,-1.958270e+00,1.906084e+00,1.132194e-01,-2.438821e-01,-1.368867e-01,-3.123255e-01,1.754388e-01
1_425_-2,1,4.250000e+02,-2,4.000000e+00,2000,-1.405288e-02,3.536415e-02,3.612008e-01,-2.516731e-03,-2.217942e-02,2.304123e-03,2.440495e+00,1.409163e+00,1.031333e+00,-7.779534e-02,1.940881e+00,-2.018677e+00,1.979779e+00,1.889152e-01,-2.222988e-01,-2.304022e-01,-3.374999e-01,1.070977e-01
1_425_-1,1,4.250000e+02,-1,4.000000e+00,2000,-1.469458e-02,2.974869e-02,3.664829e-01,-2.610964e-03,-2.259588e-02,1.978282e-03,2.475727e+00,1.397696e+00,1.078032e+00,-8.160780e-02,1.975503e+00,-2.057111e+00,2.016307e+00,1.598320e-01,-2.306886e-01,-1.926633e-01,-3.270202e-01,1.343569e-01
1_425_0,1,4.250000e+02,0,4.000000e+00,2000,-1.520166e-02,2.468121e-02,3.723144e-01,-2.667469e-03,-2.308419e-02,1.655168e-03,2.514919e+00,1.388727e+00,1.126192e+00,-8.488230e-02,2.016991e+00,-2.101873e+00,2.059432e+00,1.312675e-01,-2.357265e-01,-1.591888e-01,-3.153209e-01,1.561321e-01
1_450_-2,1,4.500000e+02,-2,4.000000e+00,2000,-1.344905e-02,3.849168e-02,3.745537e-01,-2.497254e-03,-2.345677e-02,2.528326e-03,2.531074e+00,1.472441e+00,1.058633e+00,-7.180709e-02,2.058236e+00,-2.130043e+00,2.094139e+00,2.069037e-01,-2.203058e-01,-2.501603e-01,-3.453859e-01,9.522562e-02
1_450_-1,1,4.500000e+02,-1,4.000000e+00,2000,-1.390636e-02,3.281984e-02,3.812191e-01,-2.591198e-03,-2.393846e-02,2.178693e-03,2.575608e+00,1.463944e+00,1.111664e+00,-7.430575e-02,2.099284e+00,-2.173590e+00,2.136437e+00,1.761400e-01,-2.286935e-01,-2.124475e-01,-3.349172e-01,1.224697e-01
1_450_0,1,4.500000e+02,0,4.000000e+00,2000,-1.429721e-02,2.773225e-02,3.879625e-01,-2.645377e-03,-2.454675e-02,1.848065e-03,2.620947e+00,1.457546e+00,1.163401e+00,-7.676924e-02,2.151856e+00,-2.228625e+00,2.190240e+00,1.470726e-01,-2.335278e-01,-1.790295e-01,-3.230426e-01,1.440131e-01
1_475_-2,1,4.750000e+02,-2,4.000000e+00,2000,-1.280010e-02,4.178879e-02,3.874374e-01,-2.459901e-03,-2.469533e-02,2.752432e-03,2.618498e+00,1.534008e+00,1.084490e+00,-6.548848e-02,2.172322e+00,-2.237811e+00,2.205066e+00,2.247588e-01,-2.167195e-01,-2.710315e-01,-3.522352e-01,8.120372e-02
1_475_-1,1,4.750000e+02,-1,4.000000e+00,2000,-1.321288e-02,3.618759e-02,3.947805e-01,-2.553565e-03,-2.527832e-02,2.400468e-03,2.667584e+00,1.527578e+00,1.140006e+00,-6.755951e-02,2.222575e+00,-2.290135e+00,2.256355e+00,1.937857e-01,-2.250617e-01,-2.337679e-01,-3.419457e-01,1.081778e-01
1_475_0,1,4.750000e+02,0,4.000000e+00,2000,-1.367774e-02,3.098336e-02,4.022871e-01,-2.619016e-03,-2.597284e-02,2.055677e-03,2.718048e+00,1.522484e+00,1.195565e+00,-7.049219e-02,2.282558e+00,-2.353051e+00,2.317805e+00,1.634595e-01,-2.308947e-01,-1.995680e-01,-3.306787e-01,1.311107e-01
1_500_-2,1,5.000000e+02,-2,4.000000e+00,2000,-1.207945e-02,4.515243e-02,3.998344e-01,-2.393899e-03,-2.583469e-02,2.955875e-03,2.702655e+00,1.592049e+00,1.110606e+00,-5.889866e-02,2.277709e+00,-2.336607e+00,2.307158e+00,2.407213e-01,-2.105967e-01,-2.924169e-01,-3.568052e-01,6.438824e-02
1_500_-1,1,5.000000e+02,-1,4.000000e+00,2000,-1.250947e-02,3.952885e-02,4.076870e-01,-2.493504e-03,-2.651760e-02,2.606891e-03,2.755155e+00,1.587448e+00,1.167706e+00,-6.089513e-02,2.336868e+00,-2.397763e+00,2.367315e+00,2.098710e-01,-2.194383e-01,-2.548029e-01,-3.468398e-01,9.203686e-02
1_500_0,1,5.000000e+02,0,4.000000e+00,2000,-1.294925e-02,3.410945e-02,4.159361e-01,-2.573475e-03,-2.723396e-02,2.238344e-03,2.810612e+00,1.582949e+00,1.227663e+00,-6.374004e-02,2.398802e+00,-2.462542e+00,2.430672e+00,1.776431e-01,-2.265780e-01,-2.193233e-01,-3.362396e-01,1.169163e-01
1_525_-2,1,5.250000e+02,-2,4.000000e+00,2000,-1.124250e-02,4.785606e-02,4.112661e-01,-2.335114e-03,-2.682084e-02,3.111642e-03,2.780284e+00,1.642557e+00,1.137726e+00,-5.202803e-02,2.369570e+00,-2.421598e+00,2.395584e+00,2.524155e-01,-2.051546e-01,-3.093677e-01,-3.598384e-01,5.047073e-02
1_525_-1,1,5.250000e+02,-1,4.000000e+00,2000,-1.160285e-02,4.259444e-02,4.203461e-01,-2.430208e-03,-2.760861e-02,2.774354e-03,2.841077e+00,1.643191e+00,1.197886e+00,-5.324403e-02,2.438436e+00,-2.491680e+00,2.465058e+00,2.226527e-01,-2.135685e-01,-2.742079e-01,-3.506724e-01,7.646451e-02
1_525_0,1,5.250000e+02,0,4.000000e+00,2000,-1.212331e-02,3.717725e-02,4.292127e-01,-2.520943e-03,-2.841793e-02,2.409236e-03,2.900686e+00,1.640923e+00,1.259764e+00,-5.643213e-02,2.508445e+00,-2.564877e+00,2.536661e+00,1.905796e-01,-2.216421e-01,-2.385561e-01,-3.409201e-01,1.023641e-01
1_550_-2,1,5.500000e+02,-2,4.000000e+00,2000,-1.037860e-02,4.991069e-02,4.218385e-01,-2.285460e-03,-2.771874e-02,3.248824e-03,2.852120e+00,1.688316e+00,1.163804e+00,-4.535137e-02,2.453492e+00,-2.498843e+00,2.476168e+00,2.622560e-01,-2.005440e-01,-3.217567e-01,-3.614223e-01,3.966568e-02
1_550_-1,1,5.500000e+02,-1,4.000000e+00,2000,-1.062403e-02,4.508668e-02,4.316785e-01,-2.376215e-03,-2.859251e-02,2.916285e-03,2.918034e+00,1.691948e+00,1.226086e+00,-4.552714e-02,2.530514e+00,-2.576041e+00,2.553278e+00,2.329307e-01,-2.085438e-01,-2.895913e-01,-3.533395e-01,6.374819e-02
1_550_0,1,5.500000e+02,0,4.000000e+00,2000,-1.124993e-02,3.985377e-02,4.415852e-01,-2.473028e-03,-2.951716e-02,2.557560e-03,2.984641e+00,1.693653e+00,1.290988e+00,-4.904146e-02,2.610567e+00,-2.659609e+00,2.635088e+00,2.013328e-01,-2.171367e-01,-2.550891e-01,-3.446813e-01,8.959214e-02
9_400_-2,9,4.000000e+02,-2,3.000000e+00,2000,-4.144573e-02,2.565362e-02,2.445268e-01,-1.899024e-03,-1.617766e-02,1.419274e-03,2.943801e+00,1.669585e+00,1.274216e+00,-4.674509e-01,2.334808e+00,-2.802258e+00,2.568533e+00,1.976844e-01,-2.934593e-01,-2.913573e-01,-4.391380e-01,1.477807e-01
9_400_-1,9,4.000000e+02,-1,3.000000e+00,2000,-4.263899e-02,2.252704e-02,2.502712e-01,-1.958060e-03,-1.661893e-02,1.184887e-03,3.012415e+00,1.667154e+00,1.345261e+00,-4.811572e-01,2.397230e+00,-2.878388e+00,2.637809e+00,1.609469e-01,-3.029168e-01,-2.551552e-01,-4.304944e-01,1.753392e-01
9_400_0,9,4.000000e+02,0,3.000000e+00,2000,-4.371921e-02,1.921180e-02,2.563636e-01,-2.024720e-03,-1.704181e-02,9.494912e-04,3.085364e+00,1.666814e+00,1.418550e+00,-4.935613e-01,2.457615e+00,-2.951177e+00,2.704396e+00,1.241321e-01,-3.135904e-01,-2.166082e-01,-4.218945e-01,2.052863e-01
9_425_-2,9,4.250000e+02,-2,3.000000e+00,2000,-4.170580e-02,2.731677e-02,2.539192e-01,-1.910137e-03,-1.702460e-02,1.535764e-03,3.057510e+00,1.741641e+00,1.315869e+00,-4.686724e-01,2.469243e+00,-2.937915e+00,2.703579e+00,2.128863e-01,-2.944173e-01,-3.090076e-01,-4.489211e-01,1.399135e-01
9_425_-1,9,4.250000e+02,-1,3.000000e+00,2000,-4.298775e-02,2.399510e-02,2.601875e-01,-1.984143e-03,-1.753066e-02,1.291041e-03,3.132332e+00,1.740840e+00,1.391493e+00,-4.835519e-01,2.541313e+00,-3.024865e+00,2.783089e+00,1.746735e-01,-3.062570e-01,-2.703150e-01,-4.414146e-01,1.710995e-01
9_425_0,9,4.250000e+02,0,3.000000e+00,2000,-4.411878e-02,2.060847e-02,2.663248e-01,-2.050074e-03,-1.798430e-02,1.042119e-03,3.205765e+00,1.738709e+00,1.467057e+00,-4.967934e-01,2.606154e+00,-3.102948e+00,2.854551e+00,1.358260e-01,-3.168313e-01,-2.309448e-01,-4.323037e-01,2.013589e-01
9_450_-2,9,4.500000e+02,-2,3.000000e+00,2000,-4.204837e-02,2.926333e-02,2.636650e-01,-1.884636e-03,-1.785350e-02,1.644061e-03,3.175472e+00,1.814928e+00,1.360544e+00,-4.712841e-01,2.600092e+00,-3.071376e+00,2.835734e+00,2.271916e-01,-2.896905e-01,-3.308964e-01,-4.551386e-01,1.242423e-01
9_450_-1,9,4.500000e+02,-1,3.000000e+00,2000,-4.339801e-02,2.572019e-02,2.702864e-01,-1.987036e-03,-1.842252e-02,1.394089e-03,3.254494e+00,1.814852e+00,1.439642e+00,-4.867304e-01,2.681849e+00,-3.168580e+00,2.925215e+00,1.876048e-01,-3.058867e-01,-2.886860e-01,-4.502297e-01,1.615437e-01
9_450_0,9,4.500000e+02,0,3.000000e+00,2000,-4.461298e-02,2.211245e-02,2.767363e-01,-2.070923e-03,-1.891952e-02,1.125039e-03,3.331595e+00,1.811353e+00,1.520242e+00,-5.010827e-01,2.752974e+00,-3.254056e+00,3.003515e+00,1.455558e-01,-3.193099e-01,-2.465763e-01,-4.425980e-01,1.960217e-01
9_475_-2,9,4.750000e+02,-2,3.000000e+00,2000,-4.230284e-02,2.992753e-02,2.714642e-01,-1.859877e-03,-1.845487e-02,1.714996e-03,3.269857e+00,1.869607e+00,1.400250e+00,-4.740952e-01,2.694930e+00,-3.169025e+00,2.931978e+00,2.346785e-01,-2.849958e-01,-3.364076e-01,-4.531996e-01,1.167920e-01
9_475_-1,9,4.750000e+02,-1,3.000000e+00,2000,-4.364330e-02,2.718356e-02,2.793086e-01,-1.962845e-03,-1.920723e-02,1.471171e-03,3.363651e+00,1.878161e+00,1.485491e+00,-4.887847e-01,2.806001e+00,-3.294786e+00,3.050393e+00,1.963348e-01,-3.012764e-01,-3.042111e-01,-4.533819e-01,1.491709e-01
9_475_0,9,4.750000e+02,0,3.000000e+00,2000,-4.500373e-02,2.357025e-02,2.865065e-01,-2.077480e-03,-1.979492e-02,1.194785e-03,3.449706e+00,1.877679e+00,1.572027e+00,-5.044033e-01,2.890789e+00,-3.395192e+00,3.142991e+00,1.528258e-01,-3.194910e-01,-2.616170e-01,-4.502994e-01,1.886825e-01
9_500_-2,9,5.000000e+02,-2,3.000000e+00,2000,-4.258149e-02,3.016880e-02,2.784366e-01,-1.870283e-03,-1.897774e-02,1.777250e-03,3.354367e+00,1.917238e+00,1.437130e+00,-4.770510e-01,2.777263e+00,-3.254314e+00,3.015789e+00,2.400541e-01,-2.857533e-01,-3.360431e-01,-4.537748e-01,1.177318e-01
9_500_-1,9,5.000000e+02,-1,3.000000e+00,2000,-4.396258e-02,2.754448e-02,2.869538e-01,-1.961212e-03,-1.979872e-02,1.534806e-03,3.456242e+00,1.929952e+00,1.526290e+00,-4.921997e-01,2.898931e+00,-3.391130e+00,3.145031e+00,2.018305e-01,-3.000801e-01,-3.052000e-01,-4.526801e-01,1.474802e-01
9_500_0,9,5.000000e+02,0,3.000000e+00,2000,-4.526356e-02,2.465113e-02,2.951907e-01,-2.076658e-03,-2.055936e-02,1.255988e-03,3.554756e+00,1.935577e+00,1.619179e+00,-5.066307e-01,3.011626e+00,-3.518256e+00,3.264941e+00,1.581993e-01,-3.184373e-01,-2.716826e-01,-4.542786e-01,1.825960e-01
9_525_-2,9,5.250000e+02,-2,3.000000e+00,2000,-4.231415e-02,3.101139e-02,2.836133e-01,-1.863987e-03,-1.948232e-02,1.842224e-03,3.417438e+00,1.954080e+00,1.463358e+00,-4.734265e-01,2.860113e+00,-3.333540e+00,3.096827e+00,2.453608e-01,-2.837221e-01,-3.423244e-01,-4.548843e-01,1.125599e-01
9_525_-1,9,5.250000e+02,-1,3.000000e+00,2000,-4.381194e-02,2.809570e-02,2.926571e-01,-1.972605e-03,-2.033363e-02,1.588414e-03,3.525450e+00,1.967860e+00,1.557590e+00,-4.902341e-01,2.985674e+00,-3.475908e+00,3.230791e+00,2.051353e-01,-3.008621e-01,-3.083346e-01,-4.550294e-01,1.466948e-01
9_525_0,9,5.250000e+02,0,3.000000e+00,2000,-4.539164e-02,2.512062e-02,3.026552e-01,-2.100324e-03,-2.121315e-02,1.303588e-03,3.645023e+00,1.983209e+00,1.661813e+00,-5.077113e-01,3.115539e+00,-3.623251e+00,3.369395e+00,1.606980e-01,-3.212021e-01,-2.740648e-01,-4.582345e-01,1.841697e-01
9_550_-2,9,5.500000e+02,-2,3.000000e+00,2000,-4.200265e-02,3.176883e-02,2.888472e-01,-1.863981e-03,-1.997744e-02,1.900605e-03,3.481111e+00,1.989931e+00,1.491179e+00,-4.695507e-01,2.941614e+00,-3.411165e+00,3.176389e+00,2.493760e-01,-2.826749e-01,-3.476006e-01,-4.564752e-01,1.088746e-01
9_550_-1,9,5.500000e+02,-1,3.000000e+00,2000,-4.353475e-02,2.888856e-02,2.989269e-01,-1.985722e-03,-2.090585e-02,1.641537e-03,3.601454e+00,2.009197e+00,1.592257e+00,-4.868428e-01,3.079089e+00,-3.565932e+00,3.322511e+00,2.084703e-01,-3.019331e-01,-3.145571e-01,-4.592116e-01,1.446545e-01
9_550_0,9,5.500000e+02,0,3.000000e+00,2000,-4.531131e-02,2.565031e-02,3.098771e-01,-2.118205e-03,-2.184214e-02,1.348771e-03,3.732361e+00,2.029097e+00,1.703264e+00,-5.065504e-01,3.216730e+00,-3.723280e+00,3.470005e+00,1.629167e-01,-3.230646e-01,-2.772614e-01,-4.616953e-01,1.844340e-01
9_400_-2,9,4.000000e+02,-2,4.000000e+00,2000,-7.486320e-02,4.101840e-02,3.944747e-01,-3.279644e-03,-2.302052e-02,1.837621e-03,2.667670e+00,1.484759e+00,1.182910e+00,-4.823958e-01,1.811620e+00,-2.294015e+00,2.052818e+00,1.509244e-01,-2.887433e-01,-2.740976e-01,-4.257921e-01,1.516945e-01
9_400_-1,9,4.000000e+02,-1,4.000000e+00,2000,-7.549505e-02,3.482745e-02,4.007823e-01,-3.377838e-03,-2.350113e-02,1.504094e-03,2.710206e+00,1.476588e+00,1.233618e+00,-4.862329e-01,1.852201e+00,-2.338434e+00,2.095318e+00,1.214852e-01,-2.975781e-01,-2.326474e-01,-4.139017e-01,1.812544e-01
9_400_0,9,4.000000e+02,0,4.000000e+00,2000,-7.591542e-02,2.850592e-02,4.061332e-01,-3.473168e-03,-2.391316e-02,1.174523e-03,2.746362e+00,1.465571e+00,1.280792e+00,-4.887124e-01,1.887495e+00,-2.376207e+00,2.131851e+00,9.238951e-02,-3.061317e-01,-1.899709e-01,-4.011171e-01,2.111462e-01
9_425_-2,9,4.250000e+02,-2,4.000000e+00,2000,-7.544899e-02,4.262120e-02,4.029115e-01,-3.314836e-03,-2.436714e-02,2.101852e-03,2.725298e+00,1.534743e+00,1.190555e+00,-4.851523e-01,1.930976e+00,-2.416128e+00,2.173552e+00,1.720943e-01,-2.911925e-01,-2.822476e-01,-4.323163e-01,1.500687e-01
9_425_-1,9,4.250000e+02,-1,4.000000e+00,2000,-7.630549e-02,3.671706e-02,4.106431e-01,-3.423058e-03,-2.495655e-02,1.752300e-03,2.777423e+00,1.529947e+00,1.247476e+00,-4.902923e-01,1.980535e+00,-2.470827e+00,2.225681e+00,1.412353e-01,-3.009112e-01,-2.428182e-01,-4.223203e-01,1.795021e-01
9_425_0,9,4.250000e+02,0,4.000000e+00,2000,-7.697218e-02,3.060150e-02,4.176608e-01,-3.532395e-03,-2.546734e-02,1.404757e-03,2.824810e+00,1.522983e+00,1.301827e+00,-4.942018e-01,2.023886e+00,-2.518087e+00,2.270987e+00,1.105782e-01,-3.107146e-01,-2.017209e-01,-4.115751e-01,2.098542e-01
9_450_-2,9,4.500000e+02,-2,4.000000e+00,2000,-7.331957e-02,4.273588e-02,3.997532e-01,-3.279234e-03,-2.488677e-02,2.239473e-03,2.704736e+00,1.533481e+00,1.171256e+00,-4.703398e-01,1.985507e+00,-2.455847e+00,2.220677e+00,1.811126e-01,-2.872429e-01,-2.795639e-01,-4.270248e-01,1.474609e-01
9_450_-1,9,4.500000e+02,-1,4.000000e+00,2000,-7.537236e-02,3.793387e-02,4.130513e-01,-3.429732e-03,-2.585877e-02,1.917280e-03,2.794334e+00,1.549857e+00,1.244477e+00,-4.830262e-01,2.065253e+00,-2.548279e+00,2.306766e+00,1.526896e-01,-3.007015e-01,-2.478674e-01,-4.246352e-01,1.767678e-01
9_450_0,9,4.500000e+02,0,4.000000e+00,2000,-7.667566e-02,3.221081e-02,4.233260e-01,-3.559603e-03,-2.657446e-02,1.572504e-03,2.863618e+00,1.554258e+00,1.309360e+00,-4.911148e-01,2.124727e+00,-2.615842e+00,2.370284e+00,1.224486e-01,-3.123488e-01,-2.096639e-01,-4.171807e-01,2.075169e-01
9_475_-2,9,4.750000e+02,-2,4.000000e+00,2000,-7.278516e-02,4.419771e-02,4.065673e-01,-3.193658e-03,-2.584562e-02,2.433121e-03,2.751186e+00,1.572222e+00,1.178965e+00,-4.666142e-01,2.073575e+00,-2.540189e+00,2.306882e+00,1.966283e-01,-2.791178e-01,-2.876251e-01,-4.229304e-01,1.353053e-01
9_475_-1,9,4.750000e+02,-1,4.000000e+00,2000,-7.424352e-02,3.885891e-02,4.158428e-01,-3.355721e-03,-2.657203e-02,2.066951e-03,2.813771e+00,1.570641e+00,1.243130e+00,-4.752367e-01,2.133447e+00,-2.608684e+00,2.371065e+00,1.637550e-01,-2.935310e-01,-2.519316e-01,-4.194968e-01,1.675653e-01
9_475_0,9,4.750000e+02,0,4.000000e+00,2000,-7.548240e-02,3.346512e-02,4.255706e-01,-3.521846e-03,-2.729832e-02,1.714251e-03,2.879430e+00,1.572043e+00,1.307386e+00,-4.825210e-01,2.194189e+00,-2.676710e+00,2.435450e+00,1.323286e-01,-3.083161e-01,-2.156267e-01,-4.161294e-01,2.005027e-01
9_500_-2,9,5.000000e+02,-2,4.000000e+00,2000,-7.230152e-02,4.624045e-02,4.146464e-01,-3.256861e-03,-2.693630e-02,2.596680e-03,2.806354e+00,1.611872e+00,1.194483e+00,-4.621777e-01,2.173616e+00,-2.635794e+00,2.404705e+00,2.086945e-01,-2.841052e-01,-2.990651e-01,-4.336377e-01,1.345726e-01
9_500_-1,9,5.000000e+02,-1,4.000000e+00,2000,-7.403815e-02,4.097454e-02,4.240361e-01,-3.391665e-03,-2.765331e-02,2.210187e-03,2.869574e+00,1.608995e+00,1.260579e+00,-4.730087e-01,2.231524e+00,-2.704533e+00,2.468029e+00,1.742081e-01,-2.961433e-01,-2.644066e-01,-4.283466e-01,1.639400e-01
9_500_0,9,5.000000e+02,0,4.000000e+00,2000,-7.537416e-02,3.543301e-02,4.337715e-01,-3.523803e-03,-2.835287e-02,1.842568e-03,2.935223e+00,1.609234e+00,1.325990e+00,-4.812610e-01,2.289393e+00,-2.770654e+00,2.530023e+00,1.416220e-01,-3.079497e-01,-2.274562e-01,-4.216778e-01,1.942216e-01
9_525_-2,9,5.250000e+02,-2,4.000000e+00,2000,-7.199007e-02,4.816720e-02,4.244284e-01,-3.323686e-03,-2.801057e-02,2.750171e-03,2.872971e+00,1.656424e+00,1.216547e+00,-4.588961e-01,2.271578e+00,-2.730474e+00,2.501026e+00,2.199383e-01,-2.894547e-01,-3.098463e-01,-4.443778e-01,1.345315e-01
9_525_-1,9,5.250000e+02,-1,4.000000e+00,2000,-7.416950e-02,4.286466e-02,4.349597e-01,-3.441309e-03,-2.880159e-02,2.362507e-03,2.943787e+00,1.657554e+00,1.286233e+00,-4.729430e-01,2.334462e+00,-2.807405e+00,2.570934e+00,1.856603e-01,-3.000146e-01,-2.753339e-01,-4.376816e-01,1.623476e-01
9_525_0,9,5.250000e+02,0,4.000000e+00,2000,-7.587033e-02,3.712870e-02,4.457000e-01,-3.565383e-03,-2.953864e-02,1.977808e-03,3.016135e+00,1.659864e+00,1.356272e+00,-4.838898e-01,2.394311e+00,-2.878201e+00,2.636256e+00,1.517959e-01,-3.111716e-01,-2.376085e-01,-4.299759e-01,1.923674e-01
9_550_-2,9,5.500000e+02,-2,4.000000e+00,2000,-7.191037e-02,5.050465e-02,4.363134e-01,-3.343404e-03,-2.910854e-02,2.929309e-03,2.953840e+00,1.710465e+00,1.243374e+00,-4.570956e-01,2.370927e+00,-2.828022e+00,2.599474e+00,2.335457e-01,-2.906327e-01,-3.236693e-01,-4.524673e-01,1.287980e-01
9_550_-1,9,5.500000e+02,-1,4.000000e+00,2000,-7.420867e-02,4.496777e-02,4.470158e-01,-3.472003e-03,-2.996164e-02,2.528294e-03,3.025743e+00,1.711138e+00,1.314605e+00,-4.721217e-01,2.438837e+00,-2.910959e+00,2.674898e+00,1.982668e-01,-3.021903e-01,-2.875404e-01,-4.459605e-01,1.584201e-01
9_550_0,9,5.500000e+02,0,4.000000e+00,2000,-7.626195e-02,3.901067e-02,4.582912e-01,-3.595443e-03,-3.073060e-02,2.121117e-03,3.101637e+00,1.713268e+00,1.388369e+00,-4.855872e-01,2.500242e+00,-2.985830e+00,2.743036e+00,1.624496e-01,-3.133210e-01,-2.486312e-01,-4.376366e-01,1.890054e-01
7_400_-2,7,4.000000e+02,-2,3.500000e+00,2000,-4.505596e-02,3.087181e-02,3.063544e-01,-2.373474e-03,-1.916044e-02,1.760023e-03,2.706615e+00,1.538184e+00,1.168431e+00,-3.733551e-01,2.047043e+00,-2.420398e+00,2.233721e+00,1.848764e-01,-2.715695e-01,-2.616892e-01,-4.024141e-01,1.407249e-01
7_400_-1,7,4.000000e+02,-1,3.500000e+00,2000,-4.591421e-02,2.706668e-02,3.133641e-01,-2.509725e-03,-1.973522e-02,1.506866e-03,2.768472e+00,1.539016e+00,1.229455e+00,-3.794909e-01,2.110471e+00,-2.489962e+00,2.300217e+00,1.547806e-01,-2.873498e-01,-2.282242e-01,-4.014619e-01,1.732377e-01
7_400_0,7,4.000000e+02,0,3.500000e+00,2000,-4.671870e-02,2.277833e-02,3.206116e-01,-2.594350e-03,-2.027689e-02,1.213560e-03,2.831783e+00,1.537252e+00,1.294530e+00,-3.862709e-01,2.168985e+00,-2.555256e+00,2.362121e+00,1.213610e-01,-2.972276e-01,-1.913891e-01,-3.929221e-01,2.015330e-01
7_425_-2,7,4.250000e+02,-2,3.500000e+00,2000,-4.449406e-02,3.248741e-02,3.137492e-01,-2.403182e-03,-2.015348e-02,1.917556e-03,2.772608e+00,1.586430e+00,1.186178e+00,-3.667326e-01,2.166699e+00,-2.533432e+00,2.350066e+00,2.001260e-01,-2.743201e-01,-2.728162e-01,-4.107282e-01,1.379120e-01
7_425_-1,7,4.250000e+02,-1,3.500000e+00,2000,-4.544693e-02,2.860822e-02,3.199977e-01,-2.510725e-03,-2.064515e-02,1.640510e-03,2.827652e+00,1.581214e+00,1.246438e+00,-3.741013e-01,2.219841e+00,-2.593942e+00,2.406892e+00,1.673881e-01,-2.868050e-01,-2.391534e-01,-4.063817e-01,1.672283e-01
7_425_0,7,4.250000e+02,0,3.500000e+00,2000,-4.643057e-02,2.428911e-02,3.278132e-01,-2.599729e-03,-2.123889e-02,1.340640e-03,2.895879e+00,1.581170e+00,1.314709e+00,-3.824464e-01,2.283524e+00,-2.665971e+00,2.474748e+00,1.332303e-01,-2.971945e-01,-2.022365e-01,-3.983128e-01,1.960763e-01
7_450_-2,7,4.500000e+02,-2,3.500000e+00,2000,-4.391031e-02,3.428813e-02,3.215953e-01,-2.466624e-03,-2.108034e-02,2.049252e-03,2.842610e+00,1.633344e+00,1.209265e+00,-3.597088e-01,2.278814e+00,-2.638523e+00,2.458668e+00,2.120395e-01,-2.809835e-01,-2.856830e-01,-4.238250e-01,1.381420e-01
7_450_-1,7,4.500000e+02,-1,3.500000e+00,2000,-4.506851e-02,3.033305e-02,3.282842e-01,-2.536354e-03,-2.159719e-02,1.759936e-03,2.901330e+00,1.629350e+00,1.271980e+00,-3.694879e-01,2.333677e+00,-2.703165e+00,2.518421e+00,1.786849e-01,-2.892081e-01,-2.522528e-01,-4.153345e-01,1.630817e-01
7_450_0,7,4.500000e+02,0,3.500000e+00,2000,-4.644886e-02,2.571174e-02,3.378122e-01,-2.575799e-03,-2.224059e-02,1.459415e-03,2.984473e+00,1.637682e+00,1.346791e+00,-3.818125e-01,2.401103e+00,-2.782915e+00,2.592009e+00,1.454456e-01,-2.939926e-01,-2.136445e-01,-4.008148e-01,1.871703e-01
7_475_-2,7,4.750000e+02,-2,3.500000e+00,2000,-4.365595e-02,3.686112e-02,3.330604e-01,-2.403293e-03,-2.209945e-02,2.214649e-03,2.944428e+00,1.701937e+00,1.242491e+00,-3.559481e-01,2.399987e+00,-2.755935e+00,2.577961e+00,2.297229e-01,-2.732382e-01,-3.076904e-01,-4.270834e-01,1.193929e-01
7_475_-1,7,4.750000e+02,-1,3.500000e+00,2000,-4.498627e-02,3.235079e-02,3.401904e-01,-2.489960e-03,-2.264158e-02,1.920081e-03,3.006984e+00,1.698950e+00,1.308035e+00,-3.673651e-01,2.457025e+00,-2.824390e+00,2.640707e+00,1.954574e-01,-2.833493e-01,-2.685057e-01,-4.176022e-01,1.490964e-01
7_475_0,7,4.750000e+02,0,3.500000e+00,2000,-4.637535e-02,2.768852e-02,3.494329e-01,-2.531406e-03,-2.332994e-02,1.606453e-03,3.087610e+00,1.704286e+00,1.383325e+00,-3.797667e-01,2.529587e+00,-2.909353e+00,2.719470e+00,1.604805e-01,-2.883183e-01,-2.293133e-01,-4.029749e-01,1.736616e-01
7_500_-2,7,5.000000e+02,-2,3.500000e+00,2000,-4.366256e-02,3.954188e-02,3.445590e-01,-2.357508e-03,-2.305717e-02,2.353892e-03,3.046537e+00,1.767191e+00,1.279346e+00,-3.546101e-01,2.512802e+00,-2.867412e+00,2.690107e+00,2.439224e-01,-2.674839e-01,-3.305192e-01,-4.327436e-01,1.022243e-01
7_500_-1,7,5.000000e+02,-1,3.500000e+00,2000,-4.485048e-02,3.491906e-02,3.520816e-01,-2.472904e-03,-2.368743e-02,2.063791e-03,3.112608e+00,1.765950e+00,1.346658e+00,-3.645078e-01,2.580879e+00,-2.945386e+00,2.763133e+00,2.096463e-01,-2.808140e-01,-2.894391e-01,-4.255335e-01,1.360944e-01
7_500_0,7,5.000000e+02,0,3.500000e+00,2000,-4.649274e-02,2.970658e-02,3.612398e-01,-2.537880e-03,-2.440302e-02,1.725749e-03,3.192373e+00,1.767940e+00,1.424433e+00,-3.792261e-01,2.655347e+00,-3.034573e+00,2.844960e+00,1.717539e-01,-2.885012e-01,-2.451651e-01,-4.110838e-01,1.659187e-01
7_525_-2,7,5.250000e+02,-2,3.500000e+00,2000,-4.369601e-02,4.155157e-02,3.546249e-01,-2.325467e-03,-2.388384e-02,2.467833e-03,3.135967e+00,1.822546e+00,1.313421e+00,-3.539563e-01,2.610063e+00,-2.964019e+00,2.787041e+00,2.545625e-01,-2.632578e-01,-3.467992e-01,-4.366574e-01,8.985820e-02
7_525_-1,7,5.250000e+02,-1,3.500000e+00,2000,-4.475454e-02,3.740488e-02,3.633501e-01,-2.458275e-03,-2.466177e-02,2.178423e-03,3.212690e+00,1.826800e+00,1.385890e+00,-3.622517e-01,2.696073e+00,-3.058324e+00,2.877198e+00,2.204552e-01,-2.786016e-01,-3.100036e-01,-4.336034e-01,1.235998e-01
7_525_0,7,5.250000e+02,0,3.500000e+00,2000,-4.664300e-02,3.167923e-02,3.728613e-01,-2.548810e-03,-2.543555e-02,1.825339e-03,3.295468e+00,1.828280e+00,1.467188e+00,-3.790545e-01,2.776163e+00,-3.155217e+00,2.965690e+00,1.805460e-01,-2.892022e-01,-2.606555e-01,-4.195300e-01,1.588745e-01
7_550_-2,7,5.500000e+02,-2,3.500000e+00,2000,-4.362143e-02,4.238529e-02,3.633181e-01,-2.300879e-03,-2.455810e-02,2.561942e-03,3.213247e+00,1.868772e+00,1.344474e+00,-3.529341e-01,2.689823e+00,-3.042757e+00,2.866290e+00,2.621489e-01,-2.598427e-01,-3.519905e-01,-4.358380e-01,8.384748e-02
7_550_-1,7,5.500000e+02,-1,3.500000e+00,2000,-4.458153e-02,3.884243e-02,3.727624e-01,-2.430644e-03,-2.546779e-02,2.261575e-03,3.296293e+00,1.875348e+00,1.420945e+00,-3.602863e-01,2.791569e+00,-3.151856e+00,2.971713e+00,2.272013e-01,-2.748696e-01,-3.209365e-01,-4.353378e-01,1.144013e-01
7_550_0,7,5.500000e+02,0,3.500000e+00,2000,-4.652314e-02,3.367182e-02,3.830961e-01,-2.554469e-03,-2.638640e-02,1.903770e-03,3.386298e+00,1.879964e+00,1.506334e+00,-3.769536e-01,2.888442e+00,-3.265396e+00,3.076919e+00,1.868150e-01,-2.893239e-01,-2.766613e-01,-4.276545e-01,1.509932e-01
5_400_-2,5,4.000000e+02,-2,3.500000e+00,2000,-3.349512e-02,2.978672e-02,2.998604e-01,-2.286132e-03,-1.882324e-02,1.810694e-03,2.648519e+00,1.513539e+00,1.134980e+00,-2.728989e-01,2.058280e+00,-2.331179e+00,2.194730e+00,1.892797e-01,-2.619287e-01,-2.504495e-01,-3.871534e-01,1.367039e-01
5_400_-1,5,4.000000e+02,-1,3.500000e+00,2000,-3.454404e-02,2.595940e-02,3.080799e-01,-2.372694e-03,-1.937026e-02,1.570646e-03,2.720658e+00,1.521574e+00,1.199085e+00,-2.810684e-01,2.117381e+00,-2.398450e+00,2.257916e+00,1.612448e-01,-2.720441e-01,-2.171360e-01,-3.806121e-01,1.634761e-01
5_400_0,5,4.000000e+02,0,3.500000e+00,2000,-3.528939e-02,2.174210e-02,3.147415e-01,-2.439931e-03,-1.989715e-02,1.285837e-03,2.779309e+00,1.517947e+00,1.261363e+00,-2.869779e-01,2.175170e+00,-2.462148e+00,2.318659e+00,1.282919e-01,-2.799203e-01,-1.807983e-01,-3.703195e-01,1.895211e-01
5_425_-2,5,4.250000e+02,-2,3.500000e+00,2000,-3.249193e-02,3.161701e-02,3.076970e-01,-2.298297e-03,-1.978456e-02,1.965769e-03,2.718398e+00,1.563567e+00,1.154831e+00,-2.620982e-01,2.176301e+00,-2.438399e+00,2.307350e+00,2.043683e-01,-2.627868e-01,-2.638649e-01,-3.947193e-01,1.308544e-01
5_425_-1,5,4.250000e+02,-1,3.500000e+00,2000,-3.375239e-02,2.763626e-02,3.152991e-01,-2.381635e-03,-2.031797e-02,1.717036e-03,2.785014e+00,1.567594e+00,1.217420e+00,-2.724746e-01,2.232750e+00,-2.505225e+00,2.368987e+00,1.750868e-01,-2.724789e-01,-2.289186e-01,-3.869382e-01,1.580196e-01
5_425_0,5,4.250000e+02,0,3.500000e+00,2000,-3.472724e-02,2.341770e-02,3.227963e-01,-2.438523e-03,-2.089855e-02,1.424795e-03,2.850946e+00,1.566881e+00,1.284066e+00,-2.803710e-01,2.295717e+00,-2.576088e+00,2.435903e+00,1.414075e-01,-2.791775e-01,-1.929818e-01,-3.756684e-01,1.826866e-01
5_450_-2,5,4.500000e+02,-2,3.500000e+00,2000,-3.173625e-02,3.460783e-02,3.198136e-01,-2.252736e-03,-2.093066e-02,2.134092e-03,2.825941e+00,1.635831e+00,1.190110e+00,-2.532750e-01,2.314730e+00,-2.568005e+00,2.441367e+00,2.228604e-01,-2.572176e-01,-2.900344e-01,-4.022348e-01,1.122004e-01
5_450_-1,5,4.500000e+02,-1,3.500000e+00,2000,-3.283490e-02,2.970644e-02,3.242298e-01,-2.378823e-03,-2.131359e-02,1.849977e-03,2.864438e+00,1.620453e+00,1.243984e+00,-2.626789e-01,2.354224e+00,-2.616903e+00,2.485564e+00,1.882344e-01,-2.717086e-01,-2.453594e-01,-3.943883e-01,1.490289e-01
5_450_0,5,4.500000e+02,0,3.500000e+00,2000,-3.417638e-02,2.536835e-02,3.325583e-01,-2.413977e-03,-2.194774e-02,1.555091e-03,2.937601e+00,1.623395e+00,1.314206e+00,-2.739719e-01,2.421728e+00,-2.695700e+00,2.558714e+00,1.545941e-01,-2.758953e-01,-2.085811e-01,-3.801858e-01,1.716048e-01
5_475_-2,5,4.750000e+02,-2,3.500000e+00,2000,-3.149469e-02,3.735098e-02,3.311501e-01,-2.187747e-03,-2.187807e-02,2.279007e-03,2.926601e+00,1.701039e+00,1.225562e+00,-2.495263e-01,2.427512e+00,-2.677038e+00,2.552275e+00,2.377382e-01,-2.492994e-01,-3.133702e-01,-4.059845e-01,9.261433e-02
5_475_-1,5,4.750000e+02,-1,3.500000e+00,2000,-3.215842e-02,3.254792e-02,3.366922e-01,-2.306818e-03,-2.241372e-02,2.006316e-03,2.975026e+00,1.692847e+00,1.282179e+00,-2.550019e-01,2.486787e+00,-2.741789e+00,2.614288e+00,2.053341e-01,-2.630730e-01,-2.702950e-01,-3.982205e-01,1.279254e-01
5_475_0,5,4.750000e+02,0,3.500000e+00,2000,-3.357951e-02,2.789392e-02,3.442717e-01,-2.357179e-03,-2.306136e-02,1.698337e-03,3.041556e+00,1.690259e+00,1.351297e+00,-2.670433e-01,2.555502e+00,-2.822545e+00,2.689023e+00,1.694810e-01,-2.689060e-01,-2.297281e-01,-3.837700e-01,1.540419e-01
5_500_-2,5,5.000000e+02,-2,3.500000e+00,2000,-3.135628e-02,3.965839e-02,3.418795e-01,-2.148066e-03,-2.276225e-02,2.400972e-03,3.021883e+00,1.760485e+00,1.261397e+00,-2.470290e-01,2.532309e+00,-2.779338e+00,2.655824e+00,2.495441e-01,-2.442882e-01,-3.324421e-01,-4.105092e-01,7.806719e-02
5_500_-1,5,5.000000e+02,-1,3.500000e+00,2000,-3.187629e-02,3.515131e-02,3.481329e-01,-2.247333e-03,-2.335767e-02,2.141360e-03,3.076609e+00,1.756967e+00,1.319642e+00,-2.510704e-01,2.599311e+00,-2.850382e+00,2.724847e+00,2.186624e-01,-2.557379e-01,-2.919996e-01,-4.017377e-01,1.097381e-01
5_500_0,5,5.000000e+02,0,3.500000e+00,2000,-3.316151e-02,3.043690e-02,3.564296e-01,-2.316695e-03,-2.411142e-02,1.820247e-03,3.149425e+00,1.756245e+00,1.393181e+00,-2.617627e-01,2.681006e+00,-2.942769e+00,2.811888e+00,1.815319e-01,-2.637976e-01,-2.509592e-01,-3.892772e-01,1.383180e-01
5_525_-2,5,5.250000e+02,-2,3.500000e+00,2000,-3.112525e-02,4.141715e-02,3.507435e-01,-2.125789e-03,-2.353917e-02,2.505132e-03,3.100677e+00,1.808995e+00,1.291682e+00,-2.440714e-01,2.624941e+00,-2.869012e+00,2.746976e+00,2.586567e-01,-2.412495e-01,-3.460916e-01,-4.142953e-01,6.820367e-02
5_525_-1,5,5.250000e+02,-1,3.500000e+00,2000,-3.161539e-02,3.731680e-02,3.587413e-01,-2.212884e-03,-2.423686e-02,2.254513e-03,3.170814e+00,1.814558e+00,1.356256e+00,-2.476438e-01,2.704060e+00,-2.951704e+00,2.827882e+00,2.291507e-01,-2.513013e-01,-3.095813e-01,-4.060919e-01,9.651060e-02
5_525_0,5,5.250000e+02,0,3.500000e+00,2000,-3.293159e-02,3.271621e-02,3.680878e-01,-2.285077e-03,-2.509699e-02,1.923549e-03,3.252856e+00,1.817473e+00,1.435383e+00,-2.583087e-01,2.798062e+00,-3.056371e+00,2.927217e+00,1.910454e-01,-2.597026e-01,-2.696921e-01,-3.945487e-01,1.248566e-01
5_550_-2,5,5.500000e+02,-2,3.500000e+00,2000,-3.071497e-02,4.215969e-02,3.569706e-01,-2.110300e-03,-2.413797e-02,2.590730e-03,3.156178e+00,1.842933e+00,1.313246e+00,-2.402668e-01,2.697343e+00,-2.937610e+00,2.817476e+00,2.648434e-01,-2.389769e-01,-3.502771e-01,-4.141155e-01,6.383839e-02
5_550_-1,5,5.500000e+02,-1,3.500000e+00,2000,-3.135867e-02,3.877963e-02,3.679743e-01,-2.188207e-03,-2.502500e-02,2.350085e-03,3.252837e+00,1.863508e+00,1.389329e+00,-2.445466e-01,2.798040e+00,-3.042587e+00,2.920314e+00,2.370898e-01,-2.479802e-01,-3.204808e-01,-4.082207e-01,8.773983e-02
5_550_0,5,5.500000e+02,0,3.500000e+00,2000,-3.268110e-02,3.464700e-02,3.791220e-01,-2.259350e-03,-2.602163e-02,2.009398e-03,3.350753e+00,1.873708e+00,1.477045e+00,-2.550589e-01,2.907939e+00,-3.162997e+00,3.035468e+00,1.983316e-01,-2.562953e-01,-2.852049e-01,-3.988978e-01,1.136929e-01
3_400_-2,3,4.000000e+02,-2,3.500000e+00,2000,-2.182805e-02,2.897219e-02,2.931507e-01,-2.146955e-03,-1.844628e-02,1.856772e-03,2.588612e+00,1.488546e+00,1.100066e+00,-1.711634e-01,2.065514e+00,-2.236677e+00,2.151095e+00,1.942398e-01,-2.464994e-01,-2.426366e-01,-3.678177e-01,1.251811e-01
3_400_-1,3,4.000000e+02,-1,3.500000e+00,2000,-2.258235e-02,2.471559e-02,2.992837e-01,-2.213743e-03,-1.886038e-02,1.601871e-03,2.642334e+00,1.485412e+00,1.156922e+00,-1.773793e-01,2.110202e+00,-2.287581e+00,2.198892e+00,1.642449e-01,-2.542719e-01,-2.052299e-01,-3.568869e-01,1.516570e-01
3_400_0,3,4.000000e+02,0,3.500000e+00,2000,-2.329025e-02,2.052995e-02,3.061470e-01,-2.276866e-03,-1.936134e-02,1.325926e-03,2.702547e+00,1.483624e+00,1.218923e+00,-1.827977e-01,2.165259e+00,-2.348057e+00,2.256658e+00,1.323507e-01,-2.616798e-01,-1.692833e-01,-3.463215e-01,1.770382e-01
3_425_-2,3,4.250000e+02,-2,3.500000e+00,2000,-2.074123e-02,3.202766e-02,3.054322e-01,-2.083244e-03,-1.963195e-02,2.044841e-03,2.697548e+00,1.564038e+00,1.133510e+00,-1.592878e-01,2.210110e+00,-2.369398e+00,2.289754e+00,2.152643e-01,-2.388654e-01,-2.695450e-01,-3.736379e-01,1.040929e-01
3_425_-1,3,4.250000e+02,-1,3.500000e+00,2000,-2.150066e-02,2.743028e-02,3.107498e-01,-2.163854e-03,-2.009913e-02,1.765881e-03,2.744036e+00,1.554410e+00,1.189627e+00,-1.656635e-01,2.260866e+00,-2.426529e+00,2.343698e+00,1.823914e-01,-2.482155e-01,-2.287894e-01,-3.626102e-01,1.338208e-01
3_425_0,3,4.250000e+02,0,3.500000e+00,2000,-2.245656e-02,2.280021e-02,3.165117e-01,-2.266469e-03,-2.053297e-02,1.457814e-03,2.794493e+00,1.543108e+00,1.251384e+00,-1.733636e-01,2.306958e+00,-2.480322e+00,2.393640e+00,1.458621e-01,-2.601142e-01,-1.879201e-01,-3.540743e-01,1.661542e-01
3_450_-2,3,4.500000e+02,-2,3.500000e+00,2000,-2.027342e-02,3.486578e-02,3.166256e-01,-2.023337e-03,-2.061786e-02,2.208485e-03,2.796912e+00,1.630512e+00,1.166400e+00,-1.532003e-01,2.328587e+00,-2.481788e+00,2.405188e+00,2.320560e-01,-2.315519e-01,-2.933148e-01,-3.782094e-01,8.489454e-02
3_450_-1,3,4.500000e+02,-1,3.500000e+00,2000,-2.079800e-02,3.018453e-02,3.227179e-01,-2.088199e-03,-2.114067e-02,1.919284e-03,2.850209e+00,1.623831e+00,1.226378e+00,-1.576045e-01,2.386768e+00,-2.544372e+00,2.465570e+00,1.987267e-01,-2.391449e-01,-2.524702e-01,-3.653800e-01,1.129098e-01
3_450_0,3,4.500000e+02,0,3.500000e+00,2000,-2.158483e-02,2.514618e-02,3.285693e-01,-2.188699e-03,-2.165054e-02,1.590635e-03,2.901395e+00,1.611191e+00,1.290204e+00,-1.640568e-01,2.442338e+00,-2.606395e+00,2.524367e+00,1.604939e-01,-2.508638e-01,-2.084883e-01,-3.551079e-01,1.466196e-01
3_475_-2,3,4.750000e+02,-2,3.500000e+00,2000,-1.977821e-02,3.728970e-02,3.271870e-01,-1.974788e-03,-2.151427e-02,2.340213e-03,2.890674e+00,1.690354e+00,1.200320e+00,-1.473452e-01,2.436527e+00,-2.583872e+00,2.510199e+00,2.450170e-01,-2.255809e-01,-3.134012e-01,-3.822815e-01,6.888028e-02
3_475_-1,3,4.750000e+02,-1,3.500000e+00,2000,-2.035254e-02,3.276318e-02,3.340162e-01,-2.046126e-03,-2.213541e-02,2.061555e-03,2.950471e+00,1.687962e+00,1.262510e+00,-1.518501e-01,2.506072e+00,-2.657922e+00,2.581997e+00,2.127261e-01,-2.338813e-01,-2.736613e-01,-3.707119e-01,9.705061e-02
3_475_0,3,4.750000e+02,0,3.500000e+00,2000,-2.113024e-02,2.774106e-02,3.407820e-01,-2.165995e-03,-2.276157e-02,1.731838e-03,3.009699e+00,1.679046e+00,1.330654e+00,-1.579338e-01,2.575325e+00,-2.733259e+00,2.654292e+00,1.741959e-01,-2.478165e-01,-2.295677e-01,-3.626003e-01,1.330327e-01
3_500_-2,3,5.000000e+02,-2,3.500000e+00,2000,-1.926358e-02,3.910393e-02,3.364655e-01,-1.936646e-03,-2.230669e-02,2.453300e-03,2.973125e+00,1.741913e+00,1.231212e+00,-1.418007e-01,2.532255e+00,-2.674056e+00,2.603156e+00,2.553509e-01,-2.208086e-01,-3.276282e-01,-3.846227e-01,5.699446e-02
3_500_-1,3,5.000000e+02,-1,3.500000e+00,2000,-1.985222e-02,3.502062e-02,3.448067e-01,-2.009767e-03,-2.305454e-02,2.179823e-03,3.046239e+00,1.746942e+00,1.299296e+00,-1.460953e-01,2.616604e+00,-2.762700e+00,2.689652e+00,2.238230e-01,-2.293017e-01,-2.919895e-01,-3.752965e-01,8.330696e-02
3_500_0,3,5.000000e+02,0,3.500000e+00,2000,-2.062540e-02,3.020811e-02,3.526627e-01,-2.133633e-03,-2.379490e-02,1.860230e-03,3.115086e+00,1.743858e+00,1.371228e+00,-1.517462e-01,2.699324e+00,-2.851070e+00,2.775197e+00,1.863148e-01,-2.436598e-01,-2.495630e-01,-3.684413e-01,1.188783e-01
3_525_-2,3,5.250000e+02,-2,3.500000e+00,2000,-1.868027e-02,4.030778e-02,3.433027e-01,-1.896331e-03,-2.295234e-02,2.549916e-03,3.034086e+00,1.780124e+00,1.253962e+00,-1.361727e-01,2.610995e+00,-2.747168e+00,2.679082e+00,2.630813e-01,-2.157702e-01,-3.360078e-01,-3.837741e-01,4.776623e-02
3_525_-1,3,5.250000e+02,-1,3.500000e+00,2000,-1.933112e-02,3.683287e-02,3.542215e-01,-1.976948e-03,-2.388185e-02,2.284686e-03,3.129879e+00,1.797880e+00,1.331999e+00,-1.405182e-01,2.716396e+00,-2.856914e+00,2.786655e+00,2.329402e-01,-2.251208e-01,-3.059845e-01,-3.781130e-01,7.212854e-02
3_525_0,3,5.250000e+02,0,3.500000e+00,2000,-2.021848e-02,3.227109e-02,3.637967e-01,-2.102072e-03,-2.474689e-02,1.968190e-03,3.213843e+00,1.802805e+00,1.411038e+00,-1.468010e-01,2.813225e+00,-2.960026e+00,2.886626e+00,1.958833e-01,-2.396103e-01,-2.658855e-01,-3.725530e-01,1.066676e-01
3_550_-2,3,5.500000e+02,-2,3.500000e+00,2000,-1.810754e-02,4.114076e-02,3.492354e-01,-1.877211e-03,-2.351932e-02,2.635139e-03,3.087029e+00,1.812735e+00,1.274294e+00,-1.308291e-01,2.680449e+00,-2.811278e+00,2.745863e+00,2.692205e-01,-2.131997e-01,-3.409653e-01,-3.836824e-01,4.271705e-02
3_550_-1,3,5.500000e+02,-1,3.500000e+00,2000,-1.870784e-02,3.799127e-02,3.614577e-01,-1.953148e-03,-2.456062e-02,2.375746e-03,3.194310e+00,1.837022e+00,1.357288e+00,-1.345936e-01,2.799115e+00,-2.933708e+00,2.866412e+00,2.398668e-01,-2.219896e-01,-3.138795e-01,-3.789294e-01,6.504988e-02
3_550_0,3,5.500000e+02,0,3.500000e+00,2000,-1.975894e-02,3.399196e-02,3.736603e-01,-2.066054e-03,-2.561852e-02,2.065285e-03,3.301384e+00,1.854559e+00,1.446825e+00,-1.417420e-01,2.917855e+00,-3.059597e+00,2.988726e+00,2.038670e-01,-2.350331e-01,-2.788721e-01,-3.744691e-01,9.559704e-02
1_400_-2,1,4.000000e+02,-2,3.000000e+00,2000,-6.645959e-03,2.538544e-02,2.364816e-01,-1.345443e-03,-1.546031e-02,1.615525e-03,2.843005e+00,1.650593e+00,1.192412e+00,-5.355204e-02,2.428699e+00,-2.482251e+00,2.455475e+00,2.290901e-01,-2.099107e-01,-2.903109e-01,-3.550662e-01,6.475524e-02
1_400_-1,1,4.000000e+02,-1,3.000000e+00,2000,-6.790839e-03,2.223761e-02,2.413428e-01,-1.389440e-03,-1.588091e-02,1.412827e-03,2.900845e+00,1.647756e+00,1.253089e+00,-5.415971e-02,2.494304e+00,-2.548464e+00,2.521384e+00,1.973333e-01,-2.168467e-01,-2.528865e-01,-3.432900e-01,9.040348e-02
1_400_0,1,4.000000e+02,0,3.000000e+00,2000,-7.010012e-03,1.899838e-02,2.462545e-01,-1.439109e-03,-1.631809e-02,1.189404e-03,2.959483e+00,1.642217e+00,1.317267e+00,-5.643897e-02,2.561870e+00,-2.618309e+00,2.590090e+00,1.624750e-01,-2.246948e-01,-2.149073e-01,-3.321485e-01,1.172411e-01
1_425_-2,1,4.250000e+02,-2,3.000000e+00,2000,-6.110128e-03,2.663636e-02,2.444206e-01,-1.309302e-03,-1.613955e-02,1.701218e-03,2.939012e+00,1.708616e+00,1.230396e+00,-4.585561e-02,2.541022e+00,-2.586878e+00,2.563950e+00,2.391103e-01,-2.039052e-01,-3.031041e-01,-3.554573e-01,5.235315e-02
1_425_-1,1,4.250000e+02,-1,3.000000e+00,2000,-6.191865e-03,2.372062e-02,2.501960e-01,-1.354427e-03,-1.664124e-02,1.498738e-03,3.007799e+00,1.711451e+00,1.296348e+00,-4.535102e-02,2.619969e+00,-2.665321e+00,2.642645e+00,2.075517e-01,-2.109945e-01,-2.686372e-01,-3.453131e-01,7.667592e-02
1_425_0,1,4.250000e+02,0,3.000000e+00,2000,-6.415689e-03,2.079748e-02,2.559056e-01,-1.404518e-03,-1.717467e-02,1.279398e-03,3.076011e+00,1.711384e+00,1.364627e+00,-4.720817e-02,2.702949e+00,-2.750158e+00,2.726554e+00,1.733781e-01,-2.188682e-01,-2.344567e-01,-3.360966e-01,1.016399e-01
1_450_-2,1,4.500000e+02,-2,3.000000e+00,2000,-5.569866e-03,2.758769e-02,2.501633e-01,-1.265495e-03,-1.668879e-02,1.774012e-03,3.008732e+00,1.750608e+00,1.258124e+00,-3.862244e-02,2.632583e+00,-2.671205e+00,2.651894e+00,2.462415e-01,-1.966745e-01,-3.117050e-01,-3.525270e-01,4.082205e-02
1_450_-1,1,4.500000e+02,-1,3.000000e+00,2000,-5.572167e-03,2.473305e-02,2.574350e-01,-1.319821e-03,-1.727831e-02,1.573698e-03,3.095451e+00,1.762927e+00,1.332524e+00,-3.694035e-02,2.725992e+00,-2.762933e+00,2.744462e+00,2.152016e-01,-2.052069e-01,-2.780732e-01,-3.442435e-01,6.617028e-02
1_450_0,1,4.500000e+02,0,3.000000e+00,2000,-5.793963e-03,2.219805e-02,2.646265e-01,-1.380020e-03,-1.794997e-02,1.353450e-03,3.181348e+00,1.772054e+00,1.409294e+00,-3.810541e-02,2.831102e+00,-2.869207e+00,2.850155e+00,1.813802e-01,-2.146628e-01,-2.489138e-01,-3.391197e-01,9.020591e-02
1_475_-2,1,4.750000e+02,-2,3.000000e+00,2000,-5.105583e-03,2.830815e-02,2.552218e-01,-1.236176e-03,-1.719437e-02,1.840373e-03,3.070199e+00,1.787246e+00,1.282953e+00,-3.249129e-02,2.716662e+00,-2.749153e+00,2.732908e+00,2.521464e-01,-1.917386e-01,-3.172979e-01,-3.503875e-01,3.308962e-02
1_475_-1,1,4.750000e+02,-1,3.000000e+00,2000,-4.996786e-03,2.537701e-02,2.628162e-01,-1.298580e-03,-1.780151e-02,1.638718e-03,3.160804e+00,1.801002e+00,1.359803e+00,-2.971002e-02,2.813423e+00,-2.843133e+00,2.828278e+00,2.205997e-01,-2.015523e-01,-2.827777e-01,-3.429412e-01,6.016347e-02
1_475_0,1,4.750000e+02,0,3.000000e+00,2000,-5.317638e-03,2.288671e-02,2.724640e-01,-1.370519e-03,-1.861218e-02,1.420084e-03,3.276038e+00,1.825585e+00,1.450452e+00,-3.134400e-02,2.940146e+00,-2.971490e+00,2.955818e+00,1.875663e-01,-2.128719e-01,-2.544865e-01,-3.401151e-01,8.562859e-02
1_500_-2,1,5.000000e+02,-2,3.000000e+00,2000,-4.621626e-03,2.898269e-02,2.601549e-01,-1.188098e-03,-1.766631e-02,1.915942e-03,3.130215e+00,1.824348e+00,1.305868e+00,-2.602920e-02,2.795643e+00,-2.821672e+00,2.808658e+00,2.592399e-01,-1.837910e-01,-3.217655e-01,-3.446738e-01,2.290823e-02
1_500_-1,1,5.000000e+02,-1,3.000000e+00,2000,-4.507700e-03,2.598322e-02,2.686279e-01,-1.297403e-03,-1.834936e-02,1.704593e-03,3.231213e+00,1.841987e+00,1.389227e+00,-2.317406e-02,2.904373e+00,-2.927547e+00,2.915960e+00,2.263799e-01,-2.010812e-01,-2.871074e-01,-3.446349e-01,5.752751e-02
1_500_0,1,5.000000e+02,0,3.000000e+00,2000,-4.806890e-03,2.243844e-02,2.809054e-01,-1.371783e-03,-1.919166e-02,1.483129e-03,3.378035e+00,1.881835e+00,1.496200e+00,-2.479067e-02,3.035979e+00,-3.060769e+00,3.048374e+00,1.928176e-01,-2.128422e-01,-2.459132e-01,-3.357988e-01,8.988558e-02
1_525_-2,1,5.250000e+02,-2,3.000000e+00,2000,-4.151553e-03,2.947883e-02,2.660457e-01,-1.174113e-03,-1.814775e-02,1.987905e-03,3.201593e+00,1.866829e+00,1.334764e+00,-1.933131e-02,2.876169e+00,-2.895500e+00,2.885834e+00,2.660324e-01,-1.812994e-01,-3.245258e-01,-3.435624e-01,1.903652e-02
1_525_-1,1,5.250000e+02,-1,3.000000e+00,2000,-3.972791e-03,2.642537e-02,2.751827e-01,-1.262837e-03,-1.887739e-02,1.781534e-03,3.310567e+00,1.888918e+00,1.421649e+00,-1.574638e-02,2.992671e+00,-3.008418e+00,3.000544e+00,2.336344e-01,-1.952846e-01,-2.887778e-01,-3.396735e-01,5.089576e-02
1_525_0,1,5.250000e+02,0,3.000000e+00,2000,-4.192691e-03,2.284756e-02,2.855117e-01,-1.316863e-03,-1.970929e-02,1.550106e-03,3.434078e+00,1.915198e+00,1.518880e+00,-1.685665e-02,3.122804e+00,-3.139661e+00,3.131232e+00,1.981590e-01,-2.038017e-01,-2.468093e-01,-3.272064e-01,8.039705e-02
1_550_-2,1,5.500000e+02,-2,3.000000e+00,2000,-3.386270e-03,2.968513e-02,2.700181e-01,-1.107258e-03,-1.851812e-02,2.065002e-03,3.250197e+00,1.898154e+00,1.352043e+00,-9.660278e-03,2.940724e+00,-2.950385e+00,2.945554e+00,2.730553e-01,-1.703936e-01,-3.226763e-01,-3.317318e-01,9.055478e-03
1_550_-1,1,5.500000e+02,-1,3.000000e+00,2000,-3.175073e-03,2.692374e-02,2.803006e-01,-1.210555e-03,-1.936597e-02,1.855104e-03,3.372800e+00,1.926430e+00,1.446370e+00,-5.481177e-03,3.076182e+00,-3.081663e+00,3.078922e+00,2.400301e-01,-1.866587e-01,-2.904749e-01,-3.318961e-01,4.142120e-02
1_550_0,1,5.500000e+02,0,3.000000e+00,2000,-3.506978e-03,2.364081e-02,2.899629e-01,-1.265780e-03,-2.022422e-02,1.618847e-03,3.488183e+00,1.947777e+00,1.540405e+00,-7.808162e-03,3.209790e+00,-3.217598e+00,3.213694e+00,2.036862e-01,-1.953253e-01,-2.521861e-01,-3.214184e-01,6.923225e-02
5_400_-2,5,4.000000e+02,-2,3.000000e+00,2000,-2.351864e-02,2.573627e-02,2.420932e-01,-1.640832e-03,-1.592954e-02,1.555446e-03,2.912561e+00,1.675195e+00,1.237366e+00,-2.534094e-01,2.402783e+00,-2.656193e+00,2.529488e+00,2.189147e-01,-2.545307e-01,-2.929278e-01,-4.009946e-01,1.080668e-01
5_400_-1,5,4.000000e+02,-1,3.000000e+00,2000,-2.410663e-02,2.213968e-02,2.460918e-01,-1.723471e-03,-1.631282e-02,1.344591e-03,2.960011e+00,1.664862e+00,1.295149e+00,-2.601673e-01,2.459760e+00,-2.719927e+00,2.589844e+00,1.848568e-01,-2.675629e-01,-2.491859e-01,-3.921559e-01,1.429699e-01
5_400_0,5,4.000000e+02,0,3.000000e+00,2000,-2.517895e-02,1.863631e-02,2.513554e-01,-1.780282e-03,-1.676042e-02,1.111665e-03,3.022854e+00,1.659046e+00,1.363808e+00,-2.724163e-01,2.523888e+00,-2.796304e+00,2.660096e+00,1.476188e-01,-2.764909e-01,-2.072249e-01,-3.801034e-01,1.728784e-01
5_425_-2,5,4.250000e+02,-2,3.000000e+00,2000,-2.346293e-02,2.771136e-02,2.516325e-01,-1.602380e-03,-1.672843e-02,1.660319e-03,3.027881e+00,1.746624e+00,1.281257e+00,-2.509495e-01,2.531387e+00,-2.782337e+00,2.656862e+00,2.326835e-01,-2.479547e-01,-3.152151e-01,-4.055623e-01,9.034712e-02
5_425_-1,5,4.250000e+02,-1,3.000000e+00,2000,-2.394390e-02,2.427915e-02,2.562791e-01,-1.676202e-03,-1.716737e-02,1.454316e-03,3.083170e+00,1.741102e+00,1.342069e+00,-2.562046e-01,2.597965e+00,-2.854170e+00,2.726068e+00,1.995166e-01,-2.595821e-01,-2.735130e-01,-3.963386e-01,1.228256e-01
5_425_0,5,4.250000e+02,0,3.000000e+00,2000,-2.480068e-02,2.080243e-02,2.622031e-01,-1.724746e-03,-1.771092e-02,1.216905e-03,3.153935e+00,1.739053e+00,1.414881e+00,-2.658402e-01,2.678584e+00,-2.944424e+00,2.811504e+00,1.620860e-01,-2.672507e-01,-2.322104e-01,-3.833559e-01,1.511455e-01
5_450_-2,5,4.500000e+02,-2,3.000000e+00,2000,-2.338302e-02,2.919474e-02,2.598132e-01,-1.582939e-03,-1.743513e-02,1.743337e-03,3.126859e+00,1.805790e+00,1.321070e+00,-2.486582e-01,2.645344e+00,-2.894002e+00,2.769673e+00,2.423598e-01,-2.443409e-01,-3.309169e-01,-4.097994e-01,7.888244e-02
5_450_-1,5,4.500000e+02,-1,3.000000e+00,2000,-2.380598e-02,2.607098e-02,2.656731e-01,-1.645231e-03,-1.795121e-02,1.546768e-03,3.196767e+00,1.809276e+00,1.387490e+00,-2.530222e-01,2.724595e+00,-2.977618e+00,2.851106e+00,2.108929e-01,-2.541375e-01,-2.931813e-01,-4.007281e-01,1.075468e-01
5_450_0,5,4.500000e+02,0,3.000000e+00,2000,-2.469384e-02,2.264166e-02,2.725438e-01,-1.698642e-03,-1.857293e-02,1.298391e-03,3.278865e+00,1.811435e+00,1.467430e+00,-2.627645e-01,2.817455e+00,-3.080220e+00,2.948837e+00,1.720023e-01,-2.626050e-01,-2.527366e-01,-3.889733e-01,1.362367e-01
5_475_-2,5,4.750000e+02,-2,3.000000e+00,2000,-2.312752e-02,2.987087e-02,2.655080e-01,-1.571394e-03,-1.798192e-02,1.808506e-03,3.195962e+00,1.846153e+00,1.349808e+00,-2.451686e-01,2.734678e+00,-2.979846e+00,2.857262e+00,2.481724e-01,-2.419312e-01,-3.362115e-01,-4.100369e-01,7.382545e-02
5_475_-1,5,4.750000e+02,-1,3.000000e+00,2000,-2.363390e-02,2.732110e-02,2.737294e-01,-1.628971e-03,-1.864365e-02,1.624523e-03,3.294259e+00,1.866475e+00,1.427784e+00,-2.498437e-01,2.836768e+00,-3.086612e+00,2.961690e+00,2.193455e-01,-2.509924e-01,-3.057496e-01,-4.038672e-01,9.811760e-02
5_475_0,5,4.750000e+02,0,3.000000e+00,2000,-2.455598e-02,2.413824e-02,2.820364e-01,-1.679189e-03,-1.937179e-02,1.365533e-03,3.393566e+00,1.875997e+00,1.517569e+00,-2.597385e-01,2.946306e+00,-3.206044e+00,3.076175e+00,1.792141e-01,-2.589910e-01,-2.687259e-01,-3.933539e-01,1.246280e-01
5_500_-2,5,5.000000e+02,-2,3.000000e+00,2000,-2.306341e-02,3.022398e-02,2.720551e-01,-1.566938e-03,-1.849055e-02,1.872555e-03,3.275266e+00,1.891310e+00,1.383955e+00,-2.439499e-01,2.816794e+00,-3.060744e+00,2.938769e+00,2.536776e-01,-2.406497e-01,-3.374436e-01,-4.093715e-01,7.192794e-02
5_500_-1,5,5.000000e+02,-1,3.000000e+00,2000,-2.363786e-02,2.683571e-02,2.814835e-01,-1.642894e-03,-1.916941e-02,1.676715e-03,3.388019e+00,1.917009e+00,1.471010e+00,-2.499097e-01,2.920885e+00,-3.170795e+00,3.045840e+00,2.229996e-01,-2.526702e-01,-2.967938e-01,-4.010671e-01,1.042733e-01
5_500_0,5,5.000000e+02,0,3.000000e+00,2000,-2.450984e-02,2.393074e-02,2.900640e-01,-1.676062e-03,-1.995435e-02,1.415322e-03,3.490660e+00,1.927878e+00,1.562782e+00,-2.591775e-01,3.039695e+00,-3.298872e+00,3.169283e+00,1.825484e-01,-2.579311e-01,-2.629250e-01,-3.893936e-01,1.264686e-01
5_525_-2,5,5.250000e+02,-2,3.000000e+00,2000,-2.283805e-02,3.046442e-02,2.785220e-01,-1.558388e-03,-1.898963e-02,1.944894e-03,3.353754e+00,1.937006e+00,1.416748e+00,-2.406165e-01,2.898512e+00,-3.139128e+00,3.018820e+00,2.601290e-01,-2.386428e-01,-3.363770e-01,-4.068312e-01,7.045427e-02
5_525_-1,5,5.250000e+02,-1,3.000000e+00,2000,-2.347661e-02,2.705189e-02,2.871774e-01,-1.630605e-03,-1.969903e-02,1.733535e-03,3.457156e+00,1.955707e+00,1.501449e+00,-2.473839e-01,3.006924e+00,-3.254308e+00,3.130616e+00,2.271293e-01,-2.500908e-01,-2.956425e-01,-3.979121e-01,1.022696e-01
5_525_0,5,5.250000e+02,0,3.000000e+00,2000,-2.445649e-02,2.373255e-02,2.962628e-01,-1.685392e-03,-2.050936e-02,1.463009e-03,3.565709e+00,1.967936e+00,1.597774e+00,-2.581657e-01,3.128913e+00,-3.387079e+00,3.257996e+00,1.850811e-01,-2.588155e-01,-2.571271e-01,-3.873790e-01,1.302519e-01
5_550_-2,5,5.500000e+02,-2,3.000000e+00,2000,-2.238481e-02,3.115962e-02,2.833335e-01,-1.528227e-03,-1.944733e-02,2.010709e-03,3.412366e+00,1.971572e+00,1.440794e+00,-2.346360e-01,2.975023e+00,-3.209659e+00,3.092341e+00,2.653888e-01,-2.331936e-01,-3.408471e-01,-4.036172e-01,6.277006e-02
5_550_-1,5,5.500000e+02,-1,3.000000e+00,2000,-2.313522e-02,2.775886e-02,2.928111e-01,-1.608835e-03,-2.023924e-02,1.791924e-03,3.525514e+00,1.994140e+00,1.531374e+00,-2.425044e-01,3.095845e+00,-3.338349e+00,3.217097e+00,2.313830e-01,-2.459817e-01,-3.005265e-01,-3.962450e-01,9.571844e-02
5_550_0,5,5.500000e+02,0,3.000000e+00,2000,-2.423766e-02,2.413541e-02,3.029373e-01,-1.674707e-03,-2.112450e-02,1.511016e-03,3.646460e+00,2.011083e+00,1.635376e+00,-2.547850e-01,3.228857e+00,-3.483642e+00,3.356249e+00,1.878536e-01,-2.564864e-01,-2.585902e-01,-3.857815e-01,1.271913e-01
7_400_-2,7,4.000000e+02,-2,4.000000e+00,2000,-5.961481e-02,3.830268e-02,3.838811e-01,-3.147695e-03,-2.252937e-02,1.935811e-03,2.595079e+00,1.455897e+00,1.139183e+00,-3.815031e-01,1.818745e+00,-2.200248e+00,2.009496e+00,1.583571e-01,-2.772409e-01,-2.539231e-01,-4.042024e-01,1.502794e-01
7_400_-1,7,4.000000e+02,-1,4.000000e+00,2000,-6.022762e-02,3.230672e-02,3.906457e-01,-3.235345e-03,-2.296788e-02,1.612158e-03,2.640748e+00,1.450225e+00,1.190523e+00,-3.853212e-01,1.855621e+00,-2.240942e+00,2.048281e+00,1.298513e-01,-2.851643e-01,-2.139918e-01,-3.921602e-01,1.781684e-01
7_400_0,7,4.000000e+02,0,4.000000e+00,2000,-6.100886e-02,2.673398e-02,3.985632e-01,-3.339035e-03,-2.355003e-02,1.263017e-03,2.693811e+00,1.446332e+00,1.247479e+00,-3.902123e-01,1.904112e+00,-2.294324e+00,2.099218e+00,9.942671e-02,-2.944309e-01,-1.771464e-01,-3.830041e-01,2.058577e-01
7_425_-2,7,4.250000e+02,-2,4.000000e+00,2000,-5.896488e-02,3.973113e-02,3.880329e-01,-3.140073e-03,-2.356080e-02,2.151616e-03,2.623881e+00,1.486866e+00,1.137015e+00,-3.757992e-01,1.914213e+00,-2.290012e+00,2.102112e+00,1.749257e-01,-2.759348e-01,-2.605985e-01,-4.062340e-01,1.456355e-01
7_425_-1,7,4.250000e+02,-1,4.000000e+00,2000,-6.027981e-02,3.441954e-02,3.990555e-01,-3.251126e-03,-2.429843e-02,1.837362e-03,2.698123e+00,1.496150e+00,1.201973e+00,-3.841481e-01,1.975444e+00,-2.359592e+00,2.167518e+00,1.470880e-01,-2.859014e-01,-2.255550e-01,-3.986788e-01,1.731239e-01
7_425_0,7,4.250000e+02,0,4.000000e+00,2000,-6.128483e-02,2.876343e-02,4.085246e-01,-3.361859e-03,-2.498949e-02,1.483527e-03,2.761571e+00,1.497206e+00,1.264365e+00,-3.905581e-01,2.032812e+00,-2.423370e+00,2.228091e+00,1.164207e-01,-2.958091e-01,-1.882136e-01,-3.899158e-01,2.017023e-01
7_450_-2,7,4.500000e+02,-2,4.000000e+00,2000,-5.849438e-02,4.104692e-02,3.950952e-01,-3.087066e-03,-2.457201e-02,2.356202e-03,2.672101e+00,1.527004e+00,1.145097e+00,-3.719554e-01,2.006972e+00,-2.378927e+00,2.192949e+00,1.909532e-01,-2.706881e-01,-2.672566e-01,-4.043164e-01,1.370598e-01
7_450_-1,7,4.500000e+02,-1,4.000000e+00,2000,-5.944593e-02,3.623340e-02,4.037646e-01,-3.255183e-03,-2.529192e-02,2.036869e-03,2.730668e+00,1.527227e+00,1.203442e+00,-3.770938e-01,2.068180e+00,-2.445274e+00,2.256727e+00,1.618925e-01,-2.855971e-01,-2.348364e-01,-4.030153e-01,1.681789e-01
7_450_0,7,4.500000e+02,0,4.000000e+00,2000,-6.061874e-02,3.063261e-02,4.137974e-01,-3.366389e-03,-2.603727e-02,1.660907e-03,2.797780e+00,1.528087e+00,1.269693e+00,-3.847236e-01,2.129660e+00,-2.514384e+00,2.322022e+00,1.291968e-01,-2.955440e-01,-1.980050e-01,-3.945465e-01,1.965415e-01
7_475_-2,7,4.750000e+02,-2,4.000000e+00,2000,-5.783303e-02,4.297806e-02,4.029307e-01,-3.094468e-03,-2.566943e-02,2.548673e-03,2.725617e+00,1.568403e+00,1.157213e+00,-3.662746e-01,2.108251e+00,-2.474525e+00,2.291388e+00,2.055950e-01,-2.707743e-01,-2.778266e-01,-4.096876e-01,1.318610e-01
7_475_-1,7,4.750000e+02,-1,4.000000e+00,2000,-5.891433e-02,3.799036e-02,4.114931e-01,-3.256179e-03,-2.634315e-02,2.216136e-03,2.783420e+00,1.567062e+00,1.216358e+00,-3.723972e-01,2.164849e+00,-2.537246e+00,2.351047e+00,1.753518e-01,-2.851184e-01,-2.443636e-01,-4.073002e-01,1.629366e-01
7_475_0,7,4.750000e+02,0,4.000000e+00,2000,-6.020401e-02,3.247595e-02,4.219295e-01,-3.379814e-03,-2.714931e-02,1.831483e-03,2.853212e+00,1.568359e+00,1.284853e+00,-3.806785e-01,2.231317e+00,-2.611996e+00,2.421657e+00,1.417528e-01,-2.961486e-01,-2.080995e-01,-4.001984e-01,1.920988e-01
7_500_-2,7,5.000000e+02,-2,4.000000e+00,2000,-5.706519e-02,4.508315e-02,4.117022e-01,-3.159143e-03,-2.677722e-02,2.722582e-03,2.785487e+00,1.611080e+00,1.174407e+00,-3.595710e-01,2.210928e+00,-2.570499e+00,2.390714e+00,2.183369e-01,-2.759307e-01,-2.893833e-01,-4.206223e-01,1.312390e-01
7_500_-1,7,5.000000e+02,-1,4.000000e+00,2000,-5.834001e-02,4.012477e-02,4.197758e-01,-3.282711e-03,-2.738912e-02,2.362079e-03,2.839870e+00,1.605837e+00,1.234032e+00,-3.674158e-01,2.261148e+00,-2.628564e+00,2.444856e+00,1.859024e-01,-2.869496e-01,-2.567628e-01,-4.153311e-01,1.585682e-01
7_500_0,7,5.000000e+02,0,4.000000e+00,2000,-6.001628e-02,3.425393e-02,4.316156e-01,-3.384123e-03,-2.825742e-02,1.967301e-03,2.918965e+00,1.611472e+00,1.307493e+00,-3.786273e-01,2.331616e+00,-2.710243e+00,2.520930e+00,1.519899e-01,-2.960989e-01,-2.187894e-01,-4.054936e-01,1.867042e-01
7_525_-2,7,5.250000e+02,-2,4.000000e+00,2000,-5.648373e-02,4.738375e-02,4.218490e-01,-3.186916e-03,-2.780389e-02,2.885966e-03,2.854595e+00,1.657816e+00,1.196778e+00,-3.542395e-01,2.305671e+00,-2.659910e+00,2.482791e+00,2.305191e-01,-2.779059e-01,-3.030830e-01,-4.294474e-01,1.263644e-01
7_525_-1,7,5.250000e+02,-1,4.000000e+00,2000,-5.810813e-02,4.212948e-02,4.312841e-01,-3.281940e-03,-2.850809e-02,2.522875e-03,2.918012e+00,1.657553e+00,1.260459e+00,-3.648857e-01,2.362724e+00,-2.727609e+00,2.545167e+00,1.985469e-01,-2.864834e-01,-2.689650e-01,-4.209659e-01,1.520009e-01
7_525_0,7,5.250000e+02,0,4.000000e+00,2000,-6.001168e-02,3.641109e-02,4.445810e-01,-3.295642e-03,-2.945944e-02,2.146372e-03,3.006950e+00,1.670234e+00,1.336716e+00,-3.777829e-01,2.439722e+00,-2.817504e+00,2.628613e+00,1.667588e-01,-2.878919e-01,-2.324495e-01,-4.041167e-01,1.716671e-01
7_550_-2,7,5.500000e+02,-2,4.000000e+00,2000,-5.613812e-02,5.090620e-02,4.357556e-01,-3.085979e-03,-2.898968e-02,3.093513e-03,2.949087e+00,1.722373e+00,1.226714e+00,-3.506881e-01,2.413682e+00,-2.764370e+00,2.589026e+00,2.478296e-01,-2.686241e-01,-3.264685e-01,-4.318584e-01,1.053899e-01
7_550_-1,7,5.500000e+02,-1,4.000000e+00,2000,-5.784057e-02,4.500397e-02,4.450137e-01,-3.211937e-03,-2.970326e-02,2.719957e-03,3.011301e+00,1.719980e+00,1.291321e+00,-3.618609e-01,2.471353e+00,-2.833214e+00,2.652283e+00,2.143294e-01,-2.798305e-01,-2.869306e-01,-4.232957e-01,1.363652e-01
7_550_0,7,5.500000e+02,0,4.000000e+00,2000,-5.993826e-02,3.879036e-02,4.575328e-01,-3.283544e-03,-3.068321e-02,2.307016e-03,3.094916e+00,1.726438e+00,1.368478e+00,-3.760501e-01,2.550153e+00,-2.926203e+00,2.738178e+00,1.789800e-01,-2.863434e-01,-2.468277e-01,-4.097573e-01,1.629296e-01
5_400_-2,5,4.000000e+02,-2,4.000000e+00,2000,-4.554047e-02,3.643354e-02,3.738769e-01,-2.977813e-03,-2.195532e-02,1.996426e-03,2.526789e+00,1.426302e+00,1.100487e+00,-2.884932e-01,1.814376e+00,-2.102869e+00,1.958623e+00,1.629075e-01,-2.625248e-01,-2.402036e-01,-3.826265e-01,1.424230e-01
5_400_-1,5,4.000000e+02,-1,4.000000e+00,2000,-4.612352e-02,3.115645e-02,3.826268e-01,-3.082759e-03,-2.249090e-02,1.679814e-03,2.585642e+00,1.427628e+00,1.158014e+00,-2.915110e-01,1.860116e+00,-2.151627e+00,2.005872e+00,1.348073e-01,-2.719663e-01,-2.049433e-01,-3.744380e-01,1.694946e-01
5_400_0,5,4.000000e+02,0,4.000000e+00,2000,-4.650548e-02,2.570410e-02,3.887466e-01,-3.164434e-03,-2.299128e-02,1.354814e-03,2.627044e+00,1.419661e+00,1.207382e+00,-2.936527e-01,1.903288e+00,-2.196941e+00,2.050115e+00,1.061395e-01,-2.792740e-01,-1.686331e-01,-3.635906e-01,1.949575e-01
5_425_-2,5,4.250000e+02,-2,4.000000e+00,2000,-4.495343e-02,3.812585e-02,3.811276e-01,-2.972767e-03,-2.315052e-02,2.225912e-03,2.576337e+00,1.468826e+00,1.107512e+00,-2.832449e-01,1.924215e+00,-2.207460e+00,2.065837e+00,1.806570e-01,-2.615295e-01,-2.488351e-01,-3.859470e-01,1.371119e-01
5_425_-1,5,4.250000e+02,-1,4.000000e+00,2000,-4.592646e-02,3.298679e-02,3.916165e-01,-3.084521e-03,-2.380185e-02,1.915146e-03,2.646860e+00,1.476572e+00,1.170288e+00,-2.888710e-01,1.978966e+00,-2.267837e+00,2.123401e+00,1.531418e-01,-2.715769e-01,-2.146746e-01,-3.789142e-01,1.642396e-01
5_425_0,5,4.250000e+02,0,4.000000e+00,2000,-4.651057e-02,2.761929e-02,3.989825e-01,-3.167920e-03,-2.440897e-02,1.573437e-03,2.696620e+00,1.471253e+00,1.225367e+00,-2.921826e-01,2.030958e+00,-2.323141e+00,2.177049e+00,1.229432e-01,-2.790400e-01,-1.789818e-01,-3.685309e-01,1.895491e-01
5_450_-2,5,4.500000e+02,-2,4.000000e+00,2000,-4.367284e-02,3.961970e-02,3.865777e-01,-2.953917e-03,-2.411832e-02,2.416856e-03,2.613776e+00,1.501917e+00,1.111859e+00,-2.734584e-01,2.016037e+00,-2.289495e+00,2.152766e+00,1.950291e-01,-2.593399e-01,-2.561522e-01,-3.874160e-01,1.312638e-01
5_450_-1,5,4.500000e+02,-1,4.000000e+00,2000,-4.485688e-02,3.466043e-02,3.969686e-01,-3.073307e-03,-2.480595e-02,2.114455e-03,2.683628e+00,1.509743e+00,1.173885e+00,-2.803708e-01,2.073395e+00,-2.353766e+00,2.213581e+00,1.679291e-01,-2.700118e-01,-2.230039e-01,-3.815137e-01,1.585099e-01
5_450_0,5,4.500000e+02,0,4.000000e+00,2000,-4.581580e-02,2.926422e-02,4.056135e-01,-3.157297e-03,-2.549643e-02,1.750607e-03,2.741905e+00,1.506707e+00,1.235198e+00,-2.862136e-01,2.131443e+00,-2.417656e+00,2.274549e+00,1.357543e-01,-2.775461e-01,-1.873651e-01,-3.712287e-01,1.838636e-01
5_475_-2,5,4.750000e+02,-2,4.000000e+00,2000,-4.248694e-02,4.165314e-02,3.947758e-01,-2.965991e-03,-2.519945e-02,2.608248e-03,2.669747e+00,1.544338e+00,1.125409e+00,-2.639192e-01,2.117768e+00,-2.381687e+00,2.249727e+00,2.094642e-01,-2.599216e-01,-2.673253e-01,-3.935842e-01,1.262589e-01
5_475_-1,5,4.750000e+02,-1,4.000000e+00,2000,-4.393195e-02,3.665783e-02,4.047333e-01,-3.083518e-03,-2.587936e-02,2.296865e-03,2.736623e+00,1.549682e+00,1.186941e+00,-2.727645e-01,2.173488e+00,-2.446253e+00,2.309870e+00,1.813707e-01,-2.703953e-01,-2.338577e-01,-3.873241e-01,1.534665e-01
5_475_0,5,4.750000e+02,0,4.000000e+00,2000,-4.511412e-02,3.125179e-02,4.142363e-01,-3.155369e-03,-2.661953e-02,1.926898e-03,2.800629e+00,1.549033e+00,1.251595e+00,-2.801095e-01,2.235158e+00,-2.515268e+00,2.375213e+00,1.487189e-01,-2.768646e-01,-1.984531e-01,-3.760911e-01,1.776380e-01
5_500_-2,5,5.000000e+02,-2,4.000000e+00,2000,-4.136549e-02,4.457397e-02,4.060966e-01,-2.964630e-03,-2.640473e-02,2.793015e-03,2.746764e+00,1.597508e+00,1.149256e+00,-2.545284e-01,2.230408e+00,-2.484936e+00,2.357672e+00,2.241262e-01,-2.594473e-01,-2.857422e-01,-4.023184e-01,1.165762e-01
5_500_-1,5,5.000000e+02,-1,4.000000e+00,2000,-4.293546e-02,3.891072e-02,4.139097e-01,-3.088145e-03,-2.696057e-02,2.463167e-03,2.799121e+00,1.593342e+00,1.205779e+00,-2.646809e-01,2.274487e+00,-2.539168e+00,2.406827e+00,1.937813e-01,-2.703572e-01,-2.469474e-01,-3.938309e-01,1.468835e-01
5_500_0,5,5.000000e+02,0,4.000000e+00,2000,-4.440549e-02,3.351127e-02,4.246955e-01,-3.156323e-03,-2.779267e-02,2.092336e-03,2.871723e+00,1.597150e+00,1.274573e+00,-2.739529e-01,2.343349e+00,-2.617302e+00,2.480325e+00,1.612883e-01,-2.765222e-01,-2.119659e-01,-3.825051e-01,1.705393e-01
5_525_-2,5,5.250000e+02,-2,4.000000e+00,2000,-4.070066e-02,4.840590e-02,4.207706e-01,-2.872516e-03,-2.766787e-02,3.004680e-03,2.846388e+00,1.665344e+00,1.181044e+00,-2.484249e-01,2.346554e+00,-2.594979e+00,2.470766e+00,2.421498e-01,-2.510363e-01,-3.116260e-01,-4.068493e-01,9.522330e-02
5_525_-1,5,5.250000e+02,-1,4.000000e+00,2000,-4.187756e-02,4.179921e-02,4.258553e-01,-3.052932e-03,-2.816742e-02,2.640255e-03,2.880299e+00,1.648331e+00,1.231968e+00,-2.561393e-01,2.386877e+00,-2.643016e+00,2.514946e+00,2.081814e-01,-2.669314e-01,-2.655854e-01,-3.997242e-01,1.341387e-01
5_525_0,5,5.250000e+02,0,4.000000e+00,2000,-4.348779e-02,3.638576e-02,4.371169e-01,-3.044399e-03,-2.903478e-02,2.266870e-03,2.956080e+00,1.654069e+00,1.302011e+00,-2.667750e-01,2.458230e+00,-2.725005e+00,2.591617e+00,1.760286e-01,-2.663214e-01,-2.309023e-01,-3.817725e-01,1.508703e-01
5_550_-2,5,5.500000e+02,-2,4.000000e+00,2000,-4.038053e-02,5.150773e-02,4.333091e-01,-2.802777e-03,-2.869764e-02,3.168805e-03,2.931574e+00,1.720751e+00,1.210822e+00,-2.451330e-01,2.440510e+00,-2.685643e+00,2.563077e+00,2.549643e-01,-2.445153e-01,-3.317238e-01,-4.103772e-01,7.865342e-02
5_550_-1,5,5.500000e+02,-1,4.000000e+00,2000,-4.106512e-02,4.536682e-02,4.400781e-01,-2.957435e-03,-2.938332e-02,2.833373e-03,2.976901e+00,1.712602e+00,1.264299e+00,-2.492865e-01,2.499236e+00,-2.748523e+00,2.623879e+00,2.241517e-01,-2.581694e-01,-2.892560e-01,-4.027974e-01,1.135414e-01
5_550_0,5,5.500000e+02,0,4.000000e+00,2000,-4.291732e-02,3.931643e-02,4.506186e-01,-3.019577e-03,-3.025534e-02,2.425174e-03,3.047752e+00,1.712153e+00,1.335599e+00,-2.615383e-01,2.570160e+00,-2.831698e+00,2.700929e+00,1.882771e-01,-2.637563e-01,-2.494860e-01,-3.884993e-01,1.390133e-01
1_400_-2,1,4.000000e+02,-2,3.500000e+00,2000,-1.035590e-02,2.911193e-02,2.910629e-01,-1.935590e-03,-1.830534e-02,1.897588e-03,2.569334e+00,1.486037e+00,1.083297e+00,-7.117840e-02,2.099151e+00,-2.170330e+00,2.134740e+00,2.013701e-01,-2.228987e-01,-2.464587e-01,-3.461280e-01,9.966934e-02
1_400_-1,1,4.000000e+02,-1,3.500000e+00,2000,-1.063606e-02,2.475174e-02,2.962665e-01,-2.001300e-03,-1.868327e-02,1.626477e-03,2.614748e+00,1.477629e+00,1.137119e+00,-7.307842e-02,2.141556e+00,-2.214634e+00,2.178095e+00,1.702548e-01,-2.305722e-01,-2.086297e-01,-3.348870e-01,1.262573e-01
1_400_0,1,4.000000e+02,0,3.500000e+00,2000,-1.088000e-02,2.072498e-02,3.015743e-01,-2.041365e-03,-1.914130e-02,1.359261e-03,2.661342e+00,1.470356e+00,1.190986e+00,-7.510322e-02,2.193431e+00,-2.268534e+00,2.230982e+00,1.396853e-01,-2.352512e-01,-1.741805e-01,-3.223415e-01,1.481610e-01
1_425_-2,1,4.250000e+02,-2,3.500000e+00,2000,-9.805277e-03,3.190944e-02,3.024336e-01,-1.894045e-03,-1.938954e-02,2.080723e-03,2.670158e+00,1.555320e+00,1.114838e+00,-6.405146e-02,2.229587e+00,-2.293638e+00,2.261612e+00,2.202412e-01,-2.177654e-01,-2.695993e-01,-3.525651e-01,8.296576e-02
1_425_-1,1,4.250000e+02,-1,3.500000e+00,2000,-1.008793e-02,2.754248e-02,3.079673e-01,-1.959227e-03,-1.984059e-02,1.807383e-03,2.718460e+00,1.547978e+00,1.170482e+00,-6.582649e-02,2.280533e+00,-2.346359e+00,2.313446e+00,1.887480e-01,-2.253434e-01,-2.315286e-01,-3.411077e-01,1.095792e-01
1_425_0,1,4.250000e+02,0,3.500000e+00,2000,-1.040073e-02,2.337545e-02,3.138920e-01,-2.011132e-03,-2.035859e-02,1.525401e-03,2.770457e+00,1.541703e+00,1.228754e+00,-6.843322e-02,2.339044e+00,-2.407477e+00,2.373261e+00,1.564743e-01,-2.313932e-01,-1.958217e-01,-3.293041e-01,1.334824e-01
1_450_-2,1,4.500000e+02,-2,3.500000e+00,2000,-9.178512e-03,3.454638e-02,3.132166e-01,-1.834350e-03,-2.034312e-02,2.230434e-03,2.765806e+00,1.618095e+00,1.147711e+00,-5.669308e-02,2.344922e+00,-2.401615e+00,2.373268e+00,2.351917e-01,-2.105521e-01,-2.914171e-01,-3.562606e-01,6.484354e-02
1_450_-1,1,4.500000e+02,-1,3.500000e+00,2000,-9.460119e-03,3.021799e-02,3.194806e-01,-1.902537e-03,-2.088562e-02,1.959900e-03,2.820524e+00,1.614261e+00,1.206263e+00,-5.815714e-02,2.406624e+00,-2.464781e+00,2.435702e+00,2.039992e-01,-2.184535e-01,-2.535756e-01,-3.452413e-01,9.166566e-02
1_450_0,1,4.500000e+02,0,3.500000e+00,2000,-9.761650e-03,2.589567e-02,3.259042e-01,-1.969852e-03,-2.144578e-02,1.664500e-03,2.876900e+00,1.608673e+00,1.268226e+00,-6.067040e-02,2.470052e+00,-2.530722e+00,2.500387e+00,1.702233e-01,-2.262929e-01,-2.165160e-01,-3.345509e-01,1.180349e-01
1_475_-2,1,4.750000e+02,-2,3.500000e+00,2000,-8.491211e-03,3.646885e-02,3.230218e-01,-1.792312e-03,-2.118248e-02,2.348343e-03,2.852816e+00,1.672654e+00,1.180162e+00,-4.938610e-02,2.446942e+00,-2.496328e+00,2.471635e+00,2.462460e-01,-2.054269e-01,-3.067679e-01,-3.588109e-01,5.204299e-02
1_475_-1,1,4.750000e+02,-1,3.500000e+00,2000,-8.699173e-03,3.249643e-02,3.301612e-01,-1.854176e-03,-2.180968e-02,2.082518e-03,2.915262e+00,1.673272e+00,1.241990e+00,-4.984771e-02,2.518966e+00,-2.568813e+00,2.543889e+00,2.156411e-01,-2.125633e-01,-2.721114e-01,-3.486190e-01,7.650761e-02
1_475_0,1,4.750000e+02,0,3.500000e+00,2000,-9.054270e-03,2.839778e-02,3.374071e-01,-1.923105e-03,-2.247324e-02,1.797340e-03,2.978888e+00,1.672372e+00,1.306516e+00,-5.245427e-02,2.594351e+00,-2.646805e+00,2.620578e+00,1.829278e-01,-2.205496e-01,-2.368251e-01,-3.389622e-01,1.021371e-01
1_500_-2,1,5.000000e+02,-2,3.500000e+00,2000,-7.801139e-03,3.795389e-02,3.314077e-01,-1.742065e-03,-2.191612e-02,2.454099e-03,2.927370e+00,1.719077e+00,1.208293e+00,-4.244661e-02,2.536515e+00,-2.578962e+00,2.557738e+00,2.553924e-01,-1.993518e-01,-3.178496e-01,-3.582766e-01,4.042694e-02
1_500_-1,1,5.000000e+02,-1,3.500000e+00,2000,-7.895847e-03,3.419258e-02,3.397723e-01,-1.812849e-03,-2.263571e-02,2.189987e-03,3.000577e+00,1.725453e+00,1.275124e+00,-4.167989e-02,2.619873e+00,-2.661552e+00,2.640712e+00,2.251648e-01,-2.075056e-01,-2.851932e-01,-3.501022e-01,6.490896e-02
1_500_0,1,5.000000e+02,0,3.500000e+00,2000,-8.294977e-03,3.040990e-02,3.480278e-01,-1.887085e-03,-2.341500e-02,1.903951e-03,3.073059e+00,1.728970e+00,1.344089e+00,-4.422344e-02,2.708677e+00,-2.752900e+00,2.730788e+00,1.924401e-01,-2.160892e-01,-2.527809e-01,-3.424797e-01,8.969875e-02
1_525_-2,1,5.250000e+02,-2,3.500000e+00,2000,-7.092309e-03,3.908711e-02,3.373587e-01,-1.693683e-03,-2.251414e-02,2.547848e-03,2.980499e+00,1.752817e+00,1.227682e+00,-3.576046e-02,2.610231e+00,-2.645991e+00,2.628111e+00,2.625674e-01,-1.934880e-01,-3.254658e-01,-3.562209e-01,3.075509e-02
1_525_-1,1,5.250000e+02,-1,3.500000e+00,2000,-7.037026e-03,3.539737e-02,3.474918e-01,-1.769530e-03,-2.332769e-02,2.288053e-03,3.069291e+00,1.767579e+00,1.301711e+00,-3.354911e-02,2.705218e+00,-2.738768e+00,2.721993e+00,2.329340e-01,-2.022223e-01,-2.934781e-01,-3.489613e-01,5.548323e-02
1_525_0,1,5.250000e+02,0,3.500000e+00,2000,-7.593437e-03,3.212369e-02,3.578512e-01,-1.858671e-03,-2.428936e-02,2.005142e-03,3.160194e+00,1.781008e+00,1.379186e+00,-3.668498e-02,2.814823e+00,-2.851508e+00,2.833165e+00,2.009113e-01,-2.125118e-01,-2.657664e-01,-3.453949e-01,7.962857e-02
1_550_-2,1,5.500000e+02,-2,3.500000e+00,2000,-6.465559e-03,4.001642e-02,3.430689e-01,-1.659618e-03,-2.309331e-02,2.639457e-03,3.031464e+00,1.785180e+00,1.246284e+00,-2.985377e-02,2.681356e+00,-2.711210e+00,2.696283e+00,2.694479e-01,-1.892891e-01,-3.311633e-01,-3.548707e-01,2.370744e-02
1_550_-1,1,5.500000e+02,-1,3.500000e+00,2000,-6.291554e-03,3.615833e-02,3.533993e-01,-1.753059e-03,-2.391514e-02,2.372298e-03,3.121990e+00,1.799695e+00,1.322294e+00,-2.689031e-02,2.777670e+00,-2.804561e+00,2.791116e+00,2.387006e-01,-2.000888e-01,-2.978026e-01,-3.489901e-01,5.118746e-02
1_550_0,1,5.500000e+02,0,3.500000e+00,2000,-7.032102e-03,3.272303e-02,3.672128e-01,-1.840407e-03,-2.504534e-02,2.103725e-03,3.243233e+00,1.830210e+00,1.413023e+00,-3.095789e-02,2.906295e+00,-2.937253e+00,2.921774e+00,2.085934e-01,-2.101467e-01,-2.685336e-01,-3.444135e-01,7.587990e-02
3_400_-2,3,4.000000e+02,-2,3.000000e+00,2000,-1.493893e-02,2.576162e-02,2.393437e-01,-1.480859e-03,-1.568815e-02,1.604360e-03,2.878485e+00,1.666116e+00,1.212369e+00,-1.515933e-01,2.415732e+00,-2.567325e+00,2.491529e+00,2.268739e-01,-2.302761e-01,-2.940214e-01,-3.772867e-01,8.326538e-02
3_400_-1,3,4.000000e+02,-1,3.000000e+00,2000,-1.533504e-02,2.230083e-02,2.440309e-01,-1.529499e-03,-1.610001e-02,1.387029e-03,2.934321e+00,1.659815e+00,1.274506e+00,-1.559251e-01,2.478297e+00,-2.634223e+00,2.556260e+00,1.926541e-01,-2.380066e-01,-2.527176e-01,-3.643655e-01,1.116478e-01
3_400_0,3,4.000000e+02,0,3.000000e+00,2000,-1.589491e-02,1.859154e-02,2.487761e-01,-1.607665e-03,-1.653513e-02,1.142568e-03,2.990827e+00,1.649348e+00,1.341479e+00,-1.619806e-01,2.543626e+00,-2.705606e+00,2.624616e+00,1.539345e-01,-2.503881e-01,-2.084963e-01,-3.546363e-01,1.461400e-01
3_425_-2,3,4.250000e+02,-2,3.000000e+00,2000,-1.458550e-02,2.737905e-02,2.479216e-01,-1.449175e-03,-1.641700e-02,1.696665e-03,2.982221e+00,1.729407e+00,1.252814e+00,-1.458208e-01,2.534942e+00,-2.680762e+00,2.607852e+00,2.382966e-01,-2.248529e-01,-3.115318e-01,-3.806188e-01,6.908702e-02
3_425_-1,3,4.250000e+02,-1,3.000000e+00,2000,-1.498867e-02,2.420252e-02,2.537079e-01,-1.498634e-03,-1.693284e-02,1.484626e-03,3.051247e+00,1.730652e+00,1.320594e+00,-1.498402e-01,2.614081e+00,-2.763921e+00,2.689001e+00,2.050290e-01,-2.326925e-01,-2.737876e-01,-3.695863e-01,9.579870e-02
3_425_0,3,4.250000e+02,0,3.000000e+00,2000,-1.550469e-02,2.060687e-02,2.591978e-01,-1.579891e-03,-1.745414e-02,1.242436e-03,3.116702e+00,1.724880e+00,1.391822e+00,-1.549916e-01,2.693487e+00,-2.848479e+00,2.770983e+00,1.665294e-01,-2.455222e-01,-2.307178e-01,-3.608811e-01,1.301634e-01
3_450_-2,3,4.500000e+02,-2,3.000000e+00,2000,-1.419005e-02,2.844185e-02,2.545218e-01,-1.416733e-03,-1.701833e-02,1.775055e-03,3.062266e+00,1.777786e+00,1.284480e+00,-1.402138e-01,2.633950e+00,-2.774164e+00,2.704057e+00,2.466533e-01,-2.192841e-01,-3.216877e-01,-3.801280e-01,5.844024e-02
3_450_-1,3,4.500000e+02,-1,3.000000e+00,2000,-1.463382e-02,2.569175e-02,2.622720e-01,-1.473250e-03,-1.767851e-02,1.567952e-03,3.154806e+00,1.792029e+00,1.362778e+00,-1.441948e-01,2.735897e+00,-2.880092e+00,2.807994e+00,2.146253e-01,-2.282300e-01,-2.893827e-01,-3.729214e-01,8.353866e-02
3_450_0,3,4.500000e+02,0,3.000000e+00,2000,-1.514144e-02,2.234424e-02,2.691170e-01,-1.555748e-03,-1.830546e-02,1.327805e-03,3.236515e+00,1.794837e+00,1.441677e+00,-1.488498e-01,2.832226e+00,-2.981076e+00,2.906651e+00,1.765800e-01,-2.412350e-01,-2.494200e-01,-3.659450e-01,1.165250e-01
3_475_-2,3,4.750000e+02,-2,3.000000e+00,2000,-1.379752e-02,2.913513e-02,2.599453e-01,-1.399816e-03,-1.752967e-02,1.840070e-03,3.128149e+00,1.816499e+00,1.311650e+00,-1.350166e-01,2.718509e+00,-2.853526e+00,2.786017e+00,2.524241e-01,-2.161749e-01,-3.271311e-01,-3.797404e-01,5.260934e-02
3_475_-1,3,4.750000e+02,-1,3.000000e+00,2000,-1.423997e-02,2.659755e-02,2.687890e-01,-1.454579e-03,-1.828560e-02,1.635840e-03,3.233795e+00,1.837855e+00,1.395939e+00,-1.388213e-01,2.835665e+00,-2.974487e+00,2.905076e+00,2.209580e-01,-2.248245e-01,-2.974692e-01,-3.735591e-01,7.608985e-02
3_475_0,3,4.750000e+02,0,3.000000e+00,2000,-1.479794e-02,2.369938e-02,2.780865e-01,-1.528411e-03,-1.908006e-02,1.401227e-03,3.344886e+00,1.856785e+00,1.488100e+00,-1.433409e-01,2.958488e+00,-3.101829e+00,3.030159e+00,1.843423e-01,-2.364389e-01,-2.631308e-01,-3.680043e-01,1.048735e-01
3_500_-2,3,5.000000e+02,-2,3.000000e+00,2000,-1.352018e-02,2.966139e-02,2.657058e-01,-1.384641e-03,-1.801141e-02,1.906212e-03,3.198041e+00,1.857286e+00,1.340755e+00,-1.309920e-01,2.797780e+00,-2.928772e+00,2.863276e+00,2.582656e-01,-2.133321e-01,-3.303167e-01,-3.784905e-01,4.817379e-02
3_500_-1,3,5.000000e+02,-1,3.000000e+00,2000,-1.404648e-02,2.650371e-02,2.766215e-01,-1.460058e-03,-1.881316e-02,1.701740e-03,3.328480e+00,1.890925e+00,1.437554e+00,-1.361951e-01,2.921450e+00,-3.057645e+00,2.989548e+00,2.266855e-01,-2.252901e-01,-2.933513e-01,-3.719658e-01,7.861451e-02
3_500_0,3,5.000000e+02,0,3.000000e+00,2000,-1.465555e-02,2.256593e-02,2.856732e-01,-1.529522e-03,-1.956380e-02,1.447043e-03,3.436686e+00,1.905115e+00,1.531572e+00,-1.421082e-01,3.036518e+00,-3.178627e+00,3.107572e+00,1.867714e-01,-2.362893e-01,-2.463333e-01,-3.594560e-01,1.131227e-01
3_525_-2,3,5.250000e+02,-2,3.000000e+00,2000,-1.309591e-02,3.015914e-02,2.714765e-01,-1.351893e-03,-1.848837e-02,1.979746e-03,3.268127e+00,1.898921e+00,1.369206e+00,-1.251127e-01,2.877281e+00,-3.002394e+00,2.939837e+00,2.648575e-01,-2.076534e-01,-3.324730e-01,-3.738899e-01,4.141687e-02
3_525_-1,3,5.250000e+02,-1,3.000000e+00,2000,-1.352687e-02,2.675048e-02,2.822480e-01,-1.439486e-03,-1.930451e-02,1.770506e-03,3.396830e+00,1.930890e+00,1.465940e+00,-1.295350e-01,3.003607e+00,-3.133142e+00,3.068374e+00,2.324749e-01,-2.215475e-01,-2.924865e-01,-3.677908e-01,7.530429e-02
3_525_0,3,5.250000e+02,0,3.000000e+00,2000,-1.421293e-02,2.297184e-02,2.910551e-01,-1.501421e-03,-2.011932e-02,1.507004e-03,3.501977e+00,1.942213e+00,1.559763e+00,-1.363013e-01,3.128281e+00,-3.264582e+00,3.196431e+00,1.912249e-01,-2.313542e-01,-2.477488e-01,-3.552286e-01,1.074798e-01
3_550_-2,3,5.500000e+02,-2,3.000000e+00,2000,-1.240736e-02,3.042346e-02,2.761672e-01,-1.300973e-03,-1.889460e-02,2.059233e-03,3.325403e+00,1.934897e+00,1.390506e+00,-1.162796e-01,2.947130e+00,-3.063410e+00,3.005270e+00,2.721956e-01,-1.990831e-01,-3.312171e-01,-3.646916e-01,3.347456e-02
3_550_-1,3,5.500000e+02,-1,3.000000e+00,2000,-1.279222e-02,2.743166e-02,2.865459e-01,-1.394742e-03,-1.976992e-02,1.839605e-03,3.449264e+00,1.962812e+00,1.486452e+00,-1.201935e-01,3.083044e+00,-3.203238e+00,3.143141e+00,2.381803e-01,-2.139255e-01,-2.964254e-01,-3.621382e-01,6.571275e-02
3_550_0,3,5.500000e+02,0,3.000000e+00,2000,-1.362031e-02,2.368389e-02,2.960584e-01,-1.467288e-03,-2.065345e-02,1.568267e-03,3.562732e+00,1.976921e+00,1.585811e+00,-1.285530e-01,3.217689e+00,-3.346242e+00,3.281966e+00,1.955554e-01,-2.253921e-01,-2.522915e-01,-3.515378e-01,9.924631e-02
