Case,Cone_Angle,Omega_RPM,Pitch_Angle,Iterations,Avg_Fpx,Avg_Fpy,Avg_Fpz,Avg_Mpx,Avg_Mpy,Avg_Mpz,Vz_ms,Cd,Cd(f),Cd(r),Cl,Cl(f),Cl(r),CmPitch,CmRoll,CmYaw,Cs,Cs(f)
5_5_-3,5,5,-3,1463,-0.001147079,0.000400633,0.010175256,-0.000139832,-0.000478612,5.81E-06,1,0.5577659,0.5428461,-0.1258831,0.6216425,-0.7475256,0.6845841,0.007459929,-0.2003262,-0.04277937,-0.2217159,0.1789365
5_6.25_-3,5,6.25,-3,1513,-0.001797095,0.000625763,0.015937912,-0.000219098,-0.000749479,8.99E-06,1.25,0.5587889,0.543799,-0.1260393,0.6227016,-0.748741,0.6857213,0.007494967,-0.2007349,-0.04282062,-0.2221452,0.1793246
5_7.5_-3,5,7.5,-3,1519,-0.002592321,0.000901004,0.02299119,-0.000316178,-0.001081088,1.29E-05,1.5,0.5595347,0.5444765,-0.1261074,0.6235481,-0.7496555,0.6866018,0.007529086,-0.2010496,-0.04285343,-0.2224763,0.1796229
5_8.75_-3,5,8.75,-3,1525,-0.003532983,0.001226403,0.031335811,-0.000431086,-0.001473493,1.74E-05,1.75,0.560105,0.5449934,-0.1261413,0.6242389,-0.7503802,0.6873095,0.007555769,-0.2013001,-0.04288113,-0.2227407,0.1798595
5_10_-3,5,10,-3,1542,-0.004619198,0.001602053,0.04097163,-0.000563812,-0.001926697,2.27E-05,2,0.5605486,0.5453961,-0.1261589,0.6248011,-0.75096,0.6878806,0.007576272,-0.2014977,-0.04290667,-0.222951,0.1800444
5_11.25_-3,5,11.25,-3,2000,-0.0058527,0.00202819,0.051903754,-0.000714331,-0.002440643,2.87E-05,2.25,0.5609626,0.5457641,-0.1262064,0.6252279,-0.7514342,0.6883311,0.007599246,-0.2016497,-0.04293655,-0.223118,0.1801815
5_12.5_-3,5,12.5,-3,2000,-0.007230037,0.002504079,0.06411879,-0.000882667,-0.003015387,3.53E-05,2.5,0.5612129,0.5459864,-0.1261986,0.6256085,-0.7518071,0.6887078,0.007613243,-0.2017749,-0.04294984,-0.2232499,0.1803
5_13.75_-3,5,13.75,-3,2000,-0.008752724,0.003030161,0.077621308,-0.001068794,-0.003650865,4.27E-05,2.75,0.5613993,0.5461491,-0.1261851,0.625921,-0.7521061,0.6890135,0.007625144,-0.2018748,-0.04296156,-0.2233556,0.180394
5_15_-3,5,15,-3,2000,-0.010420638,0.003606334,0.092409377,-0.001272686,-0.004347001,5.07E-05,3,0.561531,0.5462585,-0.1261665,0.6261711,-0.7523376,0.6892544,0.007636269,-0.2019521,-0.04297065,-0.2234374,0.1804668
5_20_-3,5,20,-3,1266,-0.001214593,0.000429684,0.010466427,-0.000131947,-0.000487142,7.58E-06,1,0.5740473,0.5579194,-0.1336411,0.6300242,-0.7636654,0.6968448,0.008063935,-0.1886513,-0.0459172,-0.2116099,0.1656927
5_25.0_-3,5,25,-3,1316,-0.001904764,0.000669131,0.016397165,-0.000206715,-0.00076282,1.15E-05,1.25,0.5752557,0.5589774,-0.1338615,0.6310466,-0.7649081,0.6979774,0.008139161,-0.1890564,-0.04585649,-0.2119846,0.1661281
5_30.0_-3,5,30,-3,1373,-0.002749791,0.000961536,0.023659172,-0.00029827,-0.001100435,1.62E-05,1.5,0.5761966,0.5597754,-0.1339862,0.6319394,-0.7659256,0.6989325,0.008210571,-0.1893637,-0.04582551,-0.2122764,0.1664509
5_35.0_-3,5,35,-3,1510,-0.003750296,0.001306299,0.032253312,-0.000406642,-0.001499955,2.17E-05,1.75,0.5769313,0.5604193,-0.1340802,0.6326523,-0.7667325,0.6996924,0.008256017,-0.1896141,-0.04578025,-0.2125042,0.1667239
5_40_-3,5,40,-3,2000,-0.004905404,0.001703455,0.04217629,-0.000531818,-0.001961424,2.80E-05,2,0.5774741,0.5608914,-0.1341262,0.633253,-0.7673792,0.7003161,0.008291363,-0.1898129,-0.04573472,-0.2126802,0.1669455
5_40_-3,5,40,-3,1825,-0.001506734,0.000626471,0.012226637,-0.000137881,-0.000560115,1.55E-05,1,0.6785938,0.6439467,-0.1647881,0.7190314,-0.8838195,0.8014255,0.01732354,-0.1966824,-0.06760883,-0.2304868,0.162878
5_45.0_-3,5,45,-3,2000,-0.006214371,0.002153048,0.053422849,-0.000673759,-0.002484721,3.51E-05,2.25,0.5778283,0.5612013,-0.1341296,0.6337327,-0.7678623,0.7007975,0.00831349,-0.1899626,-0.04569112,-0.2128082,0.1671171
5_50.0_-3,5,50,-3,1931,-0.002363006,0.000974362,0.019154418,-0.000216016,-0.000877306,2.35E-05,1.25,0.6799459,0.6452102,-0.1651073,0.7203674,-0.8854747,0.8029211,0.01736786,-0.1971615,-0.06733726,-0.2308302,0.1634929
5_50.0_-3,5,50,-3,2000,-0.007678031,0.002655206,0.06599541,-0.000832475,-0.003069874,4.30E-05,2.5,0.5780915,0.5614308,-0.1341256,0.6341227,-0.7682483,0.7011855,0.008330343,-0.1900815,-0.04565348,-0.2129082,0.1672547
5_55.0_-3,5,55,-3,2000,-0.009296467,0.00321004,0.079893313,-0.001007965,-0.003716866,5.16E-05,2.75,0.5782888,0.5616004,-0.1341182,0.6344422,-0.7685603,0.7015013,0.008344209,-0.1901779,-0.0456221,-0.2129889,0.1673669
5_60_-3,5,60,-3,2000,-0.011069553,0.003817571,0.095114531,-0.001200212,-0.004425646,6.10E-05,3,0.5784308,0.5617143,-0.1341068,0.6347013,-0.7688081,0.7017547,0.008358277,-0.1902548,-0.0455958,-0.2130527,0.1674569
5_60.0_-3,5,60,-3,2000,-0.003411382,0.001398219,0.027633771,-0.000311668,-0.00126567,3.31E-05,1.5,0.6808485,0.646147,-0.1653126,0.7214074,-0.8867199,0.8040637,0.01735076,-0.1975058,-0.0671243,-0.231068,0.1639437
5_60_-3,5,60,-3,1949,-0.001865862,0.00101446,0.015042266,-0.000155241,-0.000701823,3.34E-05,1,0.853626,0.7761168,-0.198428,0.9063931,-1.104821,1.005607,0.03875461,-0.220915,-0.1071051,-0.2744675,0.1673625
5_70.0_-3,5,70,-3,2000,-0.004652334,0.001898323,0.037665286,-0.000424854,-0.001725143,4.42E-05,1.75,0.6815006,0.646867,-0.1654699,0.7221771,-0.8876469,0.804912,0.01731679,-0.1977708,-0.06696247,-0.231252,0.1642895
5_75.0_-3,5,75,-3,2000,-0.00292297,0.001583177,0.023573302,-0.000243395,-0.001099405,5.15E-05,1.25,0.8557075,0.7775066,-0.1992449,0.9078584,-1.107103,1.007481,0.03910042,-0.2216796,-0.1072535,-0.2753063,0.1680529
5_80_-3,5,80,-3,2000,-0.00223706,0.001685376,0.018853633,-0.00017713,-0.000949854,5.65E-05,1,1.087848,0.9580764,-0.2300241,1.248116,-1.47814,1.363128,0.06488565,-0.2513618,-0.1772513,-0.3399875,0.1627362
5_80_-3,5,80,-3,2000,-0.006085135,0.002474465,0.049247246,-0.000555572,-0.002255812,5.69E-05,2,0.681977,0.6474003,-0.1655709,0.7228071,-0.888378,0.8055925,0.01728837,-0.1979788,-0.06682726,-0.2313924,0.1645651
5_90.0_-3,5,90,-3,2000,-0.00770973,0.00312693,0.062378166,-0.000703813,-0.002857654,7.12E-05,2.25,0.682324,0.6477928,-0.1656365,0.7233214,-0.8889578,0.8061396,0.01726563,-0.1981435,-0.06671859,-0.2315028,0.1647842
5_90.0_-3,5,90,-3,2000,-0.004215897,0.002277727,0.03401834,-0.000351392,-0.001586224,7.32E-05,1.5,0.857125,0.7785666,-0.1998078,0.9089736,-1.108781,1.008878,0.0392792,-0.2222504,-0.1073673,-0.275934,0.1685667
5_100.0_-3,5,100,-3,2000,-0.009526007,0.003855632,0.077056454,-0.000869571,-0.003530637,8.71E-05,2.5,0.6825758,0.6480741,-0.1656775,0.7237406,-0.8894181,0.8065793,0.01725085,-0.1982754,-0.06662693,-0.2315888,0.1649619
5_100.0_-3,5,100,-3,2000,-0.003496556,0.002621718,0.029589461,-0.000278431,-0.001489386,8.80E-05,1.25,1.092826,0.9599527,-0.2314562,1.250968,-1.482424,1.366696,0.06643648,-0.2529628,-0.1770424,-0.341484,0.1644416
5_100_-3,5,100,-3,2000,-0.002426181,0.002183,0.022913639,-0.000191496,-0.00130303,0.000107122,1,1.377997,1.11185,-0.2427937,1.750777,-1.99357,1.872173,0.1330736,-0.2708259,-0.2266781,-0.3841649,0.1574868
5_105.0_-3,5,105,-3,2000,-0.005744028,0.003097795,0.046376867,-0.000479245,-0.002162347,9.86E-05,1.75,0.8581612,0.7793479,-0.2001961,0.9098677,-1.110064,1.009966,0.03940666,-0.2226935,-0.1074434,-0.2764152,0.1689718
5_110.0_-3,5,110,-3,2000,-0.011533896,0.004660656,0.093280362,-0.001052829,-0.004274703,0.00010453,2.75,0.6827517,0.6482693,-0.1657019,0.7240781,-0.8897799,0.806929,0.01724121,-0.1983804,-0.06654946,-0.2316551,0.1651056
5_120_-3,5,120,-3,2000,-0.007506341,0.004043439,0.060646567,-0.000626955,-0.002827748,0.00012766,2,0.8589197,0.7799105,-0.2004509,0.9105899,-1.111041,1.010815,0.03950458,-0.2230459,-0.1074966,-0.2767942,0.1692976
5_120_-3,5,120,-3,2000,-0.002120511,0.002247796,0.024173777,-0.000186168,-0.001498919,0.000128468,1,1.468262,1.163009,-0.2069897,2.05371,-2.2607,2.157205,0.1526263,-0.2615015,-0.2225531,-0.3727781,0.150225
5_120_-3,5,120,-3,2000,-0.013733491,0.005541828,0.111048348,-0.001253575,-0.005089797,0.000123583,3,0.6828691,0.6483971,-0.1657165,0.7243459,-0.8900624,0.8072041,0.01723597,-0.1984637,-0.06648085,-0.2317041,0.1652233
5_120.0_-3,5,120,-3,2000,-0.005031261,0.003755672,0.042737406,-0.000402713,-0.002150028,0.000126543,1.5,1.096344,0.9609748,-0.2322947,1.252947,-1.485242,1.369095,0.06768453,-0.2541339,-0.1765329,-0.3424004,0.1658675
5_125.0_-3,5,125,-3,2000,-0.003780588,0.003397324,0.03600106,-0.000300954,-0.002047571,0.000167952,1.25,1.386159,1.114375,-0.2444264,1.758477,-2.002904,1.88069,0.1358923,-0.2725698,-0.2267893,-0.3859645,0.1591752
5_135_-3,5,135,-3,2000,-0.002040195,0.002548555,0.026090586,-0.000178765,-0.001674111,0.000142901,1,1.589258,1.251408,-0.1955965,2.311902,-2.507498,2.4097,0.1689253,-0.2503826,-0.2538113,-0.3772882,0.1234769
5_135.0_-3,5,135,-3,2000,-0.009501935,0.0051148,0.076825154,-0.000794522,-0.003582401,0.000160476,2.25,0.8594786,0.7803013,-0.2006072,0.9111827,-1.11179,1.011486,0.03958863,-0.2233318,-0.1075376,-0.2771007,0.169563
5_140.0_-3,5,140,-3,2000,-0.006841307,0.00509084,0.058297198,-0.000549972,-0.002931628,0.00017197,1.75,1.098874,0.9616589,-0.2328347,1.254309,-1.487143,1.370726,0.06860755,-0.2550221,-0.1761109,-0.3430776,0.1669667
5_150.0_-3,5,150,-3,2000,-0.005427847,0.004879419,0.05203812,-0.000435334,-0.002959968,0.000242392,1.5,1.391755,1.115968,-0.2453203,1.763713,-2.009033,1.886373,0.1378937,-0.2739195,-0.2269503,-0.3873946,0.1604443
5_150_-3,5,150,-3,2000,-0.002024049,0.002695805,0.027721326,-0.000173896,-0.00181767,0.000149744,1,1.68141,1.337319,-0.1931589,2.520589,-2.713748,2.617168,0.1720455,-0.2425637,-0.2665326,-0.37583,0.1092974
5_150.0_-3,5,150,-3,2000,-0.011731248,0.006312445,0.094910635,-0.000981934,-0.00442624,0.000197048,2.5,0.8598969,0.7805569,-0.2007126,0.9116566,-1.112369,1.012013,0.03967004,-0.2235657,-0.107579,-0.2773552,0.1697762
5_150.0_-3,5,150,-3,2000,-0.003299161,0.003519516,0.037977106,-0.000293366,-0.002355417,0.000200813,1.25,1.477095,1.164549,-0.2089355,2.061983,-2.270919,2.166451,0.1562732,-0.2641036,-0.2254868,-0.376847,0.1513602
5_160_-3,5,160,-3,2000,-0.008927057,0.006630255,0.076266324,-0.000720199,-0.003834165,0.000224305,2,1.100753,0.9620987,-0.2332103,1.255287,-1.488497,1.371892,0.06932737,-0.2557144,-0.1758408,-0.3436348,0.167794
5_165.0_-3,5,165,-3,2000,-0.014194216,0.007636899,0.114900579,-0.001189184,-0.005359157,0.000237384,2.75,0.8602037,0.7807085,-0.200784,0.9120243,-1.112808,1.012416,0.03974759,-0.2237587,-0.1076251,-0.2775712,0.1699462
5_168.75_-3,5,168.75,-3,2000,-0.003160185,0.00399297,0.04095824,-0.000281459,-0.002629061,0.000223926,1.25,1.598437,1.251232,-0.1970649,2.319895,-2.51696,2.418427,0.1736022,-0.2527161,-0.2570585,-0.3812453,0.1241868
5_170_-3,5,170,-3,2000,-0.002001823,0.002759647,0.029594679,-0.00016784,-0.001979283,0.000153198,1,1.777798,1.446034,-0.1908135,2.755946,-2.94676,2.851353,0.1658824,-0.2325495,-0.2664574,-0.3657782,0.09932084
5_175.0_-3,5,175,-3,2000,-0.007370453,0.006633995,0.07103113,-0.000594658,-0.004040919,0.000330816,1.75,1.396121,1.11697,-0.2459483,1.767765,-2.013713,1.890739,0.1395756,-0.27499,-0.2272806,-0.3886303,0.1613497
5_175_-3,5,175,-3,2000,-0.001995021,0.002771194,0.030063618,-0.000166704,-0.00201833,0.000153749,1,1.801406,1.473827,-0.1900148,2.812939,-3.002954,2.907946,0.1637897,-0.2305752,-0.2656783,-0.3634143,0.09773603
5_180.0_-3,5,180,-3,2000,-0.004737582,0.005079486,0.054901644,-0.000425182,-0.003405722,0.000289409,1.5,1.483565,1.16555,-0.2103159,2.067918,-2.278234,2.173076,0.1590076,-0.2660825,-0.2278077,-0.3799863,0.1521786
5_180_-3,5,180,-3,2000,-0.016890354,0.009088087,0.136792612,-0.001416252,-0.006381077,0.000281501,3,0.8604227,0.7807777,-0.2008271,0.9123075,-1.113135,1.012721,0.03982249,-0.223918,-0.1076703,-0.2777531,0.1700829
5_180.0_-3,5,180,-3,2000,-0.01128905,0.008374758,0.096642167,-0.000913405,-0.004857686,0.000283679,2.25,1.102213,0.9623264,-0.2334955,1.256025,-1.489521,1.372773,0.06994323,-0.2562719,-0.175674,-0.3441089,0.1684349
5_180_-3,5,180,-3,2000,-0.001995579,0.002749433,0.030487571,-0.000166149,-0.002052025,0.000153325,1,1.820839,1.500802,-0.190239,2.861798,-3.052037,2.956917,0.1600186,-0.2294304,-0.2612403,-0.3600505,0.09881024
5_182.5_-3,5,182.5,-3,2000,-0.001988985,0.002740889,0.030686695,-0.000165289,-0.002068695,0.000153294,1,1.830151,1.513343,-0.1896533,2.886316,-3.075969,2.981143,0.1584042,-0.2280129,-0.2591274,-0.3575766,0.09844919
5_185_-3,5,185,-3,2000,-0.001979583,0.002732826,0.03087012,-0.000164004,-0.002084601,0.000153316,1,1.838734,1.524929,-0.1887994,2.909863,-3.098663,3.004263,0.1569024,-0.2259872,-0.2570454,-0.3545099,0.09746446
5_187.5_-3,5,187.5,-3,2000,-0.001962234,0.002712695,0.030996928,-0.000162147,-0.002097774,0.000153368,1,1.844292,1.533442,-0.187172,2.92991,-3.117082,3.023496,0.155425,-0.2231386,-0.2534941,-0.3498856,0.09639158
5_187.5_-3,5,187.5,-3,2000,-0.003130251,0.004230936,0.043519343,-0.000273942,-0.002854072,0.000235076,1.25,1.692019,1.336287,-0.1944528,2.528896,-2.723349,2.626123,0.1778658,-0.2450579,-0.2706171,-0.3803665,0.1097494
5_190_-3,5,190,-3,2000,-0.00190321,0.00251699,0.030516603,-0.000154621,-0.002078654,0.000153026,1,1.815526,1.510572,-0.1820718,2.905877,-3.087949,2.996913,0.1524768,-0.2120983,-0.2298057,-0.3270011,0.09719543
5_192.5_-3,5,192.5,-3,2000,-0.001868885,0.002414652,0.030065706,-0.000149765,-0.002069969,0.00015114,1,1.786025,1.491375,-0.1788267,2.895594,-3.074421,2.985008,0.1473255,-0.2049738,-0.2184964,-0.314222,0.0957256
5_195_-3,5,195,-3,2000,-0.001850443,0.002390435,0.029967921,-0.000147942,-0.002076441,0.000149051,1,1.775731,1.491314,-0.1771501,2.906068,-3.083218,2.994643,0.1422084,-0.2021563,-0.2148054,-0.309559,0.09475358
5_200_-3,5,200,-3,2000,-0.009609803,0.008663196,0.092982266,-0.000778975,-0.005290852,0.000433494,2,1.399722,1.11757,-0.2464502,1.771098,-2.017548,1.894323,0.1410759,-0.2758692,-0.2277006,-0.3897195,0.1620189
5_200_-3,5,200,-3,2000,-0.001828587,0.002367011,0.030018823,-0.000145452,-0.00209518,0.000145553,1,1.76997,1.50294,-0.1755498,2.93432,-3.10987,3.022095,0.1335147,-0.1981889,-0.2099889,-0.3031834,0.09319442
5_200.0_-3,5,200,-3,2000,-0.013928133,0.010324294,0.119424012,-0.001129608,-0.006002265,0.000350204,2.5,1.1034,0.9624001,-0.233732,1.256611,-1.490343,1.373477,0.07049992,-0.2567341,-0.1755663,-0.3445172,0.1689509
5_202.5_-3,5,202.5,-3,2000,-0.004521148,0.005763437,0.059170939,-0.000407898,-0.003799061,0.000323375,1.5,1.604974,1.250755,-0.1979601,2.325324,-2.523284,2.424304,0.1771098,-0.2546387,-0.2594937,-0.3843855,0.1248918
5_205_-3,5,205,-3,1996,-0.001816577,0.002348158,0.030174045,-0.000143897,-0.002116232,0.000142518,1,1.770661,1.519365,-0.1749641,2.965327,-3.140292,3.052809,0.1256478,-0.1955734,-0.2057009,-0.2984238,0.09272291
5_210.0_-3,5,210,-3,2000,-0.006437661,0.006932989,0.074951156,-0.000581708,-0.004650588,0.000394703,1.75,1.488764,1.166065,-0.2114046,2.072659,-2.284064,2.178362,0.1613494,-0.2676626,-0.229841,-0.3825831,0.1527422
5_210_-3,5,210,-3,1916,-0.001809835,0.002332136,0.030373961,-0.000142822,-0.002138611,0.00013972,1,1.774083,1.537883,-0.1749255,2.997947,-3.172873,3.08541,0.1181,-0.1936403,-0.2016905,-0.2944855,0.09279504
5_212.5_-3,5,212.5,-3,2000,-0.003094725,0.004330786,0.046411715,-0.000265333,-0.003104402,0.000240298,1.25,1.787973,1.442517,-0.1922086,2.761626,-2.953835,2.85773,0.1727282,-0.2359696,-0.2714034,-0.3716713,0.1002679
5_218.75_-3,5,218.75,-3,2000,-0.003088413,0.004339574,0.047128915,-0.000264039,-0.003163483,0.000240933,1.25,1.811011,1.469649,-0.1917652,2.816547,-3.008312,2.91243,0.1706811,-0.2344742,-0.2702525,-0.3696005,0.09934796
5_220.0_-3,5,220,-3,2000,-0.016844888,0.012478785,0.144610377,-0.001368805,-0.007267934,0.000423969,2.75,1.104392,0.9623581,-0.2339382,1.257089,-1.491027,1.374058,0.0710168,-0.2571223,-0.1754936,-0.3448691,0.1693755
5_225.0_-3,5,225,-3,2000,-0.003079518,0.004316956,0.047786426,-0.000262671,-0.003217487,0.000240752,1.25,1.831014,1.495638,-0.191311,2.86686,-3.058171,2.962516,0.167688,-0.232897,-0.2667265,-0.3662602,0.09953372
5_225.0_-3,5,225,-3,2000,-0.004471425,0.006117449,0.062870016,-0.000397359,-0.00412384,0.000339982,1.5,1.699595,1.335065,-0.1951172,2.534625,-2.729742,2.632184,0.1822645,-0.2472258,-0.2738178,-0.3841347,0.1103169
5_225_-3,5,225,-3,1842,-0.001795581,0.002280238,0.031004721,-0.000141294,-0.002202277,0.00013145,1,1.785809,1.595252,-0.1755525,3.090465,-3.266017,3.178241,0.09527841,-0.1902295,-0.1889779,-0.2847184,0.0957405
5_225.0_-3,5,225,-3,2000,-0.012146776,0.010968697,0.117893261,-0.000988371,-0.006710041,0.000550638,2.25,1.402796,1.117899,-0.2468756,1.77393,-2.020805,1.897367,0.1424488,-0.2766227,-0.2281615,-0.3907035,0.1625419
5_228.125_-3,5,228.125,-3,2000,-0.003067672,0.004305857,0.048093753,-0.000261057,-0.003243361,0.000240858,1.25,1.84048,1.507706,-0.1906248,2.891201,-3.081826,2.986514,0.166387,-0.2312519,-0.2648994,-0.3637015,0.09880217
5_231.25_-3,5,231.25,-3,2000,-0.00305246,0.004292745,0.048374229,-0.000258998,-0.003267871,0.000240924,1.25,1.849004,1.518866,-0.1897384,2.914386,-3.104125,3.009255,0.1650692,-0.2291994,-0.2629136,-0.3606562,0.0977426
5_234.375_-3,5,234.375,-3,2000,-0.003025129,0.004257961,0.04857815,-0.000256533,-0.003288363,0.000240974,1.25,1.854871,1.527415,-0.1880683,2.934302,-3.12237,3.028336,0.1637277,-0.2267757,-0.2592918,-0.3564216,0.0971298
5_236.25_-3,5,236.25,-3,2000,-0.006127009,0.007867049,0.080729144,-0.000558286,-0.005184865,0.000441579,1.75,1.61003,1.250043,-0.1986864,2.32951,-2.528196,2.428853,0.1799939,-0.2562938,-0.2616226,-0.3871051,0.1254825
5_237.5_-3,5,237.5,-3,2000,-0.002931112,0.003949534,0.047793137,-0.000244402,-0.003257711,0.000240677,1.25,1.825369,1.502894,-0.182728,2.9096,-3.092328,3.000964,0.1612373,-0.2154311,-0.2357145,-0.3332884,0.09757384
5_240_-3,5,240,-3,1914,-0.001777008,0.002228372,0.031641378,-0.000141764,-0.002259779,0.000123041,1,1.797272,1.65357,-0.1758255,3.1745,-3.350326,3.262413,0.07185099,-0.1896082,-0.1759668,-0.2775916,0.1016248
5_240_-3,5,240,-3,2000,-0.020039131,0.014838021,0.172201127,-0.001631016,-0.008654729,0.000505018,3,1.105239,0.962243,-0.2341159,1.257492,-1.491608,1.37455,0.07149795,-0.2574565,-0.1754402,-0.3451766,0.1697364
5_240_-3,5,240,-3,2000,-0.008396743,0.009083179,0.098122642,-0.000763011,-0.006089899,0.000516949,2,1.493032,1.166195,-0.2122073,2.076472,-2.288679,2.182576,0.1634183,-0.2689652,-0.2316502,-0.3847903,0.1531401
5_240.625_-3,5,240.625,-3,2000,-0.002879755,0.003793677,0.047111229,-0.000237089,-0.003244465,0.000237816,1.25,1.796979,1.484165,-0.1796387,2.899478,-3.079117,2.989298,0.1564072,-0.2085826,-0.2246803,-0.3209228,0.09624248
5_243.75_-3,5,243.75,-3,2000,-0.002851413,0.003758247,0.046967817,-0.000234275,-0.003254591,0.000234592,1.25,1.78727,1.484146,-0.1779736,2.909907,-3.087881,2.998894,0.1515619,-0.205821,-0.2212671,-0.3164545,0.09518743
5_250.0_-3,5,250,-3,2000,-0.014979796,0.013551281,0.145757126,-0.001222824,-0.008298191,0.000682275,2.5,1.405375,1.118002,-0.2472132,1.776287,-2.023501,1.899894,0.1436861,-0.2772652,-0.228627,-0.3915787,0.1629517
5_250.0_-3,5,250,-3,2000,-0.002817214,0.003724264,0.047036736,-0.000230204,-0.003283289,0.000229184,1.25,1.781525,1.494974,-0.1763141,2.937564,-3.113879,3.025722,0.1432753,-0.2017292,-0.2168548,-0.3101566,0.09330176
5_255_-3,5,255,-3,1976,-0.001755562,0.00219689,0.03231154,-0.000144343,-0.002316782,0.000115801,1,1.81162,1.712769,-0.1757528,3.258234,-3.433987,3.346111,0.04942554,-0.191864,-0.164694,-0.274211,0.1095169
5_255.0_-3,5,255,-3,2000,-0.004420582,0.006263517,0.067001621,-0.000386327,-0.004482568,0.000347435,1.5,1.795398,1.439484,-0.1929455,2.765805,-2.958751,2.862278,0.1779572,-0.2391189,-0.2753278,-0.3767828,0.101455
5_256.25_-3,5,256.25,-3,2000,-0.002799328,0.003696341,0.047271577,-0.000227652,-0.003315754,0.000224478,1.25,1.782299,1.510728,-0.1757295,2.96809,-3.14382,3.055955,0.1357854,-0.1990405,-0.2129013,-0.3054912,0.09258985
5_262.5_-3,5,262.5,-3,2000,-0.006049063,0.008362219,0.085774735,-0.00054425,-0.005627616,0.000464907,1.75,1.705499,1.333706,-0.195539,2.53906,-2.734599,2.63683,0.1858964,-0.2490783,-0.2765895,-0.3873731,0.1107836
5_262.5_-3,5,262.5,-3,2000,-0.004411284,0.006269796,0.068019115,-0.000384581,-0.004566244,0.00034837,1.5,1.818212,1.46601,-0.1925324,2.819737,-3.01227,2.916003,0.1761008,-0.2377228,-0.2740036,-0.3747245,0.100721
5_262.5_-3,5,262.5,-3,1931,-0.002789042,0.003672422,0.047576723,-0.000225881,-0.003350225,0.000220084,1.25,1.785774,1.528637,-0.1756418,3.000193,-3.175835,3.088014,0.1285684,-0.1970654,-0.2092057,-0.3016683,0.09246262
5_270_-3,5,270,-3,2000,-0.007976558,0.010306948,0.105622171,-0.000732706,-0.006786124,0.000578642,2,1.613926,1.24911,-0.1992523,2.332694,-2.531946,2.43232,0.182408,-0.2577237,-0.2635115,-0.3894794,0.125968
5_270.0_-3,5,270,-3,2000,-0.004391024,0.00624795,0.06898085,-0.000381949,-0.004644993,0.000348764,1.5,1.839209,1.491662,-0.1917103,2.87076,-3.062471,2.966616,0.1737738,-0.235751,-0.271132,-0.371317,0.100185
5_270_-3,5,270,-3,2000,-0.001702428,0.002175003,0.032998528,-0.000150009,-0.002372366,0.000109355,1,1.82699,1.773048,-0.1723506,3.342102,-3.514453,3.428278,0.02697141,-0.1983311,-0.1535779,-0.27512,0.1215421
5_270.0_-3,5,270,-3,2000,-0.010613367,0.011531101,0.124414072,-0.000969135,-0.007723539,0.000656308,2.25,1.496587,1.166073,-0.2127917,2.079574,-2.292365,2.18597,0.1652568,-0.2700619,-0.2332462,-0.386685,0.1534388
5_273.75_-3,5,273.75,-3,2000,-0.004371965,0.006233606,0.069406179,-0.000379362,-0.004681752,0.000348932,1.5,1.848367,1.503168,-0.1909401,2.894778,-3.085718,2.990248,0.1725994,-0.2339528,-0.2694739,-0.3686898,0.09921584
5_275.0_-3,5,275,-3,2000,-0.018106363,0.016410945,0.176563655,-0.001482304,-0.010054589,0.00082833,2.75,1.407474,1.117921,-0.2474557,1.778157,-2.025613,1.901885,0.1447766,-0.2778126,-0.2290727,-0.3923489,0.1632762
5_277.5_-3,5,277.5,-3,2000,-0.0043499,0.006211842,0.069810121,-0.000376645,-0.004716856,0.000349022,1.5,1.85697,1.514208,-0.1900409,2.917805,-3.107846,3.012825,0.1713808,-0.2320742,-0.2674427,-0.3657956,0.09835282
5_281.25_-3,5,281.25,-3,2000,-0.004309967,0.006157751,0.070114757,-0.000373371,-0.004746286,0.000349197,1.5,1.863268,1.522819,-0.188319,2.937648,-3.125967,3.031807,0.1702243,-0.2298425,-0.2637386,-0.3617118,0.0979732
5_281.25_-3,5,281.25,-3,1869,-0.002763656,0.003593399,0.048549372,-0.000223336,-0.003448591,0.000207103,1.25,1.797985,1.58449,-0.1758329,3.091678,-3.267511,3.179594,0.1067473,-0.1936329,-0.1973608,-0.2923133,0.09495249
5_285_-3,5,285,-3,2000,-0.001663953,0.002147128,0.033768605,-0.000155993,-0.002433458,0.000101071,1,1.843319,1.841376,-0.1706405,3.433142,-3.603783,3.518463,0.000971447,-0.2051548,-0.141205,-0.2757573,0.1345523
5_285.0_-3,5,285,-3,2000,-0.004170531,0.005703734,0.068885718,-0.000354667,-0.004698867,0.000348932,1.5,1.831651,1.495668,-0.1827539,2.910923,-3.093676,3.002299,0.1679917,-0.2177378,-0.2398856,-0.3376806,0.09779504
5_288.75_-3,5,288.75,-3,2000,-0.004099003,0.005491562,0.067953656,-0.000344731,-0.004681464,0.000344718,1.5,1.8046,1.478003,-0.1797549,2.901773,-3.081528,2.99165,0.1632981,-0.2112873,-0.2294501,-0.3260123,0.09656224
5_292.5_-3,5,292.5,-3,2000,-0.004057553,0.005442909,0.067759517,-0.000340806,-0.004695994,0.000340112,1.5,1.795362,1.478091,-0.1780518,2.91215,-3.090202,3.001176,0.1586355,-0.2086228,-0.2262184,-0.321732,0.09551354
5_297.5_-3,5,297.5,-3,2000,-0.005977336,0.008564436,0.091363244,-0.000530396,-0.006113849,0.000475224,1.75,1.801282,1.436644,-0.1933115,2.769017,-2.962329,2.865673,0.1823191,-0.2416032,-0.2786558,-0.3809311,0.1022753
5_300_-3,5,300,-3,2000,-0.021524808,0.01954827,0.210307663,-0.001766782,-0.011978819,0.0009889,3,1.409201,1.11769,-0.2476167,1.779616,-2.027232,1.903424,0.1457555,-0.2782795,-0.2294937,-0.3930263,0.1635326
5_300.0_-3,5,300,-3,2000,-0.013081571,0.014277778,0.153823147,-0.00120008,-0.009551461,0.000812998,2.5,1.499608,1.165752,-0.2131314,2.082181,-2.295313,2.188747,0.166928,-0.2709934,-0.2346648,-0.3883259,0.153661
5_300.0_-3,5,300,-3,2000,-0.004007584,0.005397066,0.067851815,-0.000334974,-0.004736598,0.000332504,1.5,1.789795,1.488375,-0.176322,2.939322,-3.115644,3.027483,0.1507097,-0.2045804,-0.2221085,-0.3156346,0.09352618
5_300.0_-3,5,300,-3,1923,-0.002727371,0.003516925,0.049526331,-0.000223923,-0.003536757,0.000194068,1.25,1.809947,1.640951,-0.1754031,3.174309,-3.349712,3.262011,0.08449783,-0.1930027,-0.1854067,-0.285706,0.1002993
5_300_-3,5,300,-3,2000,-0.001657574,0.002103703,0.034593823,-0.000161599,-0.002498579,9.04E-05,1,1.858392,1.916773,-0.172591,3.527886,-3.700477,3.614182,-0.02919013,-0.2113479,-0.1265911,-0.2746435,0.1480524
5_300_-3,5,300,-3,2000,-0.007861055,0.010968512,0.112228483,-0.000714652,-0.007365116,0.000610112,2,1.710218,1.332245,-0.1957775,2.54248,-2.738257,2.640369,0.1889863,-0.2506517,-0.2790209,-0.3901622,0.1111413
5_303.75_-3,5,303.75,-3,2000,-0.010064077,0.013083019,0.133852994,-0.000931178,-0.008602623,0.000734844,2.25,1.61713,1.248091,-0.199588,2.335185,-2.534773,2.434979,0.1845198,-0.2589555,-0.2651589,-0.391535,0.1263761
5_306.25_-3,5,306.25,-3,2000,-0.005963484,0.008573297,0.092753792,-0.000527859,-0.006227319,0.00047676,1.75,1.824437,1.462962,-0.1928653,2.822703,-3.015568,2.919135,0.1807375,-0.2401532,-0.2774447,-0.3788755,0.1014308
5_307.5_-3,5,307.5,-3,2000,-0.003980394,0.005360023,0.068179827,-0.00033126,-0.004782578,0.000325792,1.5,1.790576,1.503592,-0.1756392,2.969345,-3.144985,3.057165,0.1434922,-0.2018947,-0.2184557,-0.3111225,0.09266682
5_315.0_-3,5,315,-3,1979,-0.003963139,0.005324962,0.068596073,-0.000328641,-0.004830597,0.000319384,1.5,1.79365,1.520745,-0.1754108,3.00043,-3.175841,3.088135,0.1364526,-0.1999038,-0.2148774,-0.3073425,0.09246504
5_315.0_-3,5,315,-3,2000,-0.005930422,0.008548117,0.094056545,-0.000523422,-0.006334183,0.00047773,1.75,1.845681,1.48809,-0.1918643,2.873588,-3.065453,2.96952,0.1787956,-0.2378047,-0.2748528,-0.3752311,0.1003782
5_318.75_-3,5,318.75,-3,1997,-0.002674011,0.003476103,0.050540721,-0.000228623,-0.003623094,0.000183667,1.25,1.824914,1.697164,-0.1737599,3.256171,-3.429931,3.343051,0.06387528,-0.1959729,-0.175374,-0.2836599,0.1082859
5_319.375_-3,5,319.375,-3,2000,-0.005904139,0.008528583,0.094628289,-0.000519953,-0.006383988,0.000477939,1.75,1.854769,1.49938,-0.191081,2.897471,-3.088552,2.993011,0.1776944,-0.2360428,-0.2732655,-0.3726755,0.09941001
5_320.0_-3,5,320,-3,2000,-0.001697975,0.002024146,0.035777535,-0.0001685,-0.002591341,7.32E-05,1,1.877766,2.026674,-0.1807071,3.659367,-3.840074,3.749721,-0.07445382,-0.2186856,-0.104469,-0.2709201,0.1664511
5_323.75_-3,5,323.75,-3,2000,-0.005874168,0.008495486,0.095188025,-0.000516578,-0.006431843,0.000478108,1.75,1.863632,1.510479,-0.1901767,2.920502,-3.110679,3.01559,0.1765767,-0.2343281,-0.2711798,-0.369918,0.09873815
5_328.125_-3,5,328.125,-3,2000,-0.00581903,0.008420443,0.095606743,-0.000512009,-0.006471556,0.000478548,1.75,1.870178,1.518964,-0.1884087,2.94017,-3.128579,3.034374,0.1756071,-0.2320557,-0.267511,-0.3658112,0.09830022
5_330.0_-3,5,330,-3,2000,-0.01579843,0.017324296,0.186335834,-0.001455738,-0.011572524,0.000987041,2.75,1.502104,1.165239,-0.2132854,2.084192,-2.297477,2.190834,0.1684323,-0.2717728,-0.2359362,-0.3897409,0.1538048
5_332.5_-3,5,332.5,-3,2000,-0.005626923,0.007797224,0.093850188,-0.000485718,-0.006404895,0.000478194,1.75,1.837202,1.490213,-0.1827322,2.912472,-3.095205,3.003839,0.1734945,-0.2195813,-0.2436127,-0.3413877,0.09777498
5_336.875_-3,5,336.875,-3,2000,-0.005530134,0.007516039,0.092621924,-0.00047264,-0.00638188,0.000472356,1.75,1.810967,1.473159,-0.1797442,2.903601,-3.083346,2.993474,0.168904,-0.2133547,-0.2334523,-0.3300809,0.09662858
5_337.5_-3,5,337.5,-3,2000,-0.012387363,0.01619594,0.165416433,-0.001153655,-0.01063377,0.00091039,2.5,1.619802,1.246995,-0.1997536,2.337066,-2.53682,2.436943,0.1864031,-0.2600079,-0.2666028,-0.3933093,0.1267065
5_337.5_-3,5,337.5,-3,2000,-0.009903321,0.013936184,0.142221354,-0.000908487,-0.009335431,0.000775641,2.25,1.713964,1.330723,-0.1958338,2.544972,-2.740805,2.642889,0.1916203,-0.2519657,-0.2811157,-0.3925235,0.1114078
5_337.5_-3,5,337.5,-3,2000,-0.002562546,0.003437965,0.0515753,-0.000237716,-0.003705879,0.000173258,1.25,1.839546,1.755387,-0.1682326,3.337257,-3.50549,3.421374,0.04207923,-0.2027817,-0.1646896,-0.2851265,0.1204369
5_337.5_-3,5,337.5,-3,1900,-0.003918262,0.005213153,0.069977435,-0.000324768,-0.004970166,0.000300532,1.5,1.805964,1.575468,-0.1750767,3.090696,-3.265772,3.178234,0.115248,-0.1964285,-0.2036086,-0.2982328,0.09462418
5_340_-3,5,340,-3,2000,-0.007762605,0.01123674,0.119491405,-0.000697503,-0.007997553,0.000623859,2,1.806008,1.433993,-0.193437,2.771317,-2.964754,2.868035,0.1860076,-0.2435877,-0.281526,-0.3843507,0.1028247
5_340.0_-3,5,340,-3,2000,-0.001766819,0.00191051,0.037032937,-0.000176209,-0.002690715,5.15E-05,1,1.894376,2.146739,-0.191633,3.798361,-3.989994,3.894177,-0.1261815,-0.2271705,-0.07880594,-0.2665734,0.1877675
5_341.25_-3,5,341.25,-3,2000,-0.005471369,0.007448887,0.09234948,-0.000467393,-0.006400786,0.000466129,1.75,1.801709,1.472967,-0.1779474,2.913594,-3.091541,3.002568,0.1643709,-0.2107475,-0.2302462,-0.3258706,0.09562436
5_350_-3,5,350,-3,2000,-0.007744741,0.0112465,0.121337534,-0.000693916,-0.008145417,0.000626258,2,1.8298,1.460431,-0.1929968,2.824825,-3.017822,2.921324,0.1846843,-0.2420584,-0.2803457,-0.3822313,0.1018856
5_350.0_-3,5,350,-3,2000,-0.00540037,0.007388712,0.092461135,-0.000459381,-0.006454987,0.00045579,1.75,1.796081,1.48279,-0.1760789,2.940288,-3.116367,3.028328,0.1566456,-0.2066946,-0.2263344,-0.3198617,0.09352738
5_356.25_-3,5,356.25,-3,2000,-0.002489999,0.00338506,0.052749833,-0.000246137,-0.003798592,0.000159327,1.25,1.854932,1.822467,-0.1655364,3.425997,-3.591533,3.508765,0.01623268,-0.2088984,-0.1524175,-0.2851072,0.1326897
5_358.75_-3,5,358.75,-3,2000,-0.005360328,0.007339346,0.092892995,-0.000454155,-0.00651654,0.000446548,1.75,1.79672,1.4976,-0.1752661,2.969848,-3.145114,3.057481,0.14956,-0.2039531,-0.2228342,-0.3153702,0.09253599
5_360_-3,5,360,-3,2000,-0.018761256,0.020668993,0.221930986,-0.001736122,-0.013785344,0.001178462,3,1.504077,1.164514,-0.2133021,2.08557,-2.298872,2.192221,0.1697816,-0.2724367,-0.2370441,-0.3909587,0.1539147
5_360_-3,5,360,-3,2000,-0.007694901,0.011215064,0.122996455,-0.000687276,-0.00828367,0.000627568,2,1.850595,1.484805,-0.1918432,2.875253,-3.067096,2.971174,0.1828949,-0.2394243,-0.2778852,-0.3783669,0.1004817
5_360.0_-3,5,360,-3,2000,-0.001861467,0.001806763,0.038495233,-0.000185791,-0.002803338,2.93E-05,1,1.921408,2.278826,-0.2050299,3.955092,-4.160122,4.057607,-0.1787086,-0.2382842,-0.05430317,-0.2654357,0.2111326
5_360.0_-3,5,360,-3,1976,-0.003858808,0.005110373,0.071356483,-0.000325104,-0.005095333,0.000281934,1.5,1.818074,1.630341,-0.1741509,3.172287,-3.346438,3.259362,0.09386681,-0.1955638,-0.1925302,-0.2918288,0.09929868
5_365.0_-3,5,365,-3,2000,-0.007660363,0.011188813,0.123745657,-0.000682991,-0.008348752,0.000627864,2,1.859775,1.496044,-0.1910488,2.899125,-3.090174,2.99465,0.1818659,-0.2377604,-0.2763332,-0.375927,0.09959384
5_367.5_-3,5,367.5,-3,2000,-0.005331745,0.007292309,0.093438218,-0.000450487,-0.006580237,0.000437787,1.75,1.799557,1.514205,-0.1748395,3.000213,-3.175053,3.087633,0.142676,-0.201936,-0.2193935,-0.3116327,0.0922392
5_370_-3,5,370,-3,2000,-0.007620011,0.011141878,0.124489784,-0.000678802,-0.00841116,0.000628216,2,1.868917,1.507193,-0.1901053,2.922115,-3.11222,3.017168,0.180862,-0.2361338,-0.2742033,-0.3732355,0.09903218
5_371.25_-3,5,371.25,-3,2000,-0.014947112,0.019646063,0.200299265,-0.00140003,-0.012878752,0.001105503,2.75,1.622001,1.245779,-0.1998323,2.338372,-2.538204,2.438288,0.1881114,-0.2608933,-0.2678736,-0.3948301,0.1269564
5_375.0_-3,5,375,-3,2000,-0.00247922,0.003308593,0.054017369,-0.000253435,-0.003898594,0.000142366,1.25,1.869884,1.896262,-0.1673218,3.518863,-3.686185,3.602524,-0.01318901,-0.2138971,-0.1380244,-0.2829094,0.1448849
5_375.0_-3,5,375,-3,2000,-0.012172602,0.01726645,0.175743457,-0.001125722,-0.011537788,0.00096167,2.5,1.716961,1.329135,-0.1957438,2.546705,-2.742448,2.644577,0.193913,-0.2530677,-0.2829397,-0.3945375,0.1115979
5_375.0_-3,5,375,-3,2000,-0.007548412,0.011045785,0.125030393,-0.00067224,-0.008462356,0.000629061,2,1.875541,1.515414,-0.1883361,2.941514,-3.12985,3.035682,0.1800633,-0.2336601,-0.2706515,-0.3689859,0.09833439
5_380.0_-3,5,380,-3,2000,-0.002000586,0.00169929,0.040191902,-0.000195755,-0.00292903,4.95E-06,1,1.958224,2.426265,-0.2230211,4.127832,-4.350853,4.239343,-0.2340205,-0.250097,-0.02980232,-0.2649982,0.2351958
5_380_-3,5,380,-3,2000,-0.007298801,0.010249259,0.122746385,-0.000638088,-0.008377941,0.000628449,2,1.842763,1.486743,-0.182643,2.914733,-3.097376,3.006055,0.1780102,-0.2212676,-0.2473314,-0.3449333,0.09760185
5_382.5_-3,5,382.5,-3,2000,-0.003752749,0.005055156,0.072778773,-0.000332513,-0.005215517,0.000267658,1.5,1.833215,1.684451,-0.1709741,3.252179,-3.423153,3.337666,0.07438188,-0.1990195,-0.1831492,-0.2905941,0.1074449
5_382.5_-3,5,382.5,-3,2000,-0.009773178,0.014278779,0.151379778,-0.00088757,-0.010132554,0.000793307,2.25,1.809788,1.431553,-0.1933791,2.772747,-2.966126,2.869436,0.1891175,-0.2451852,-0.2839478,-0.3871592,0.1032113
5_385.0_-3,5,385,-3,2000,-0.007169709,0.009866374,0.121094457,-0.000620615,-0.008344078,0.000620912,2,1.816019,1.468908,-0.1795979,2.904516,-3.084114,2.994315,0.1735555,-0.2149135,-0.2367616,-0.3332943,0.09653272
5_390_-3,5,390,-3,2000,-0.007089962,0.009777119,0.120720949,-0.00061374,-0.008367536,0.000612748,2,1.806595,1.468394,-0.1777076,2.914093,-3.0918,3.002946,0.1691009,-0.2123091,-0.2335642,-0.3290912,0.09552696
5_393.75_-3,5,393.75,-3,2000,-0.009749605,0.014284924,0.153746171,-0.000882349,-0.010318877,0.000796713,2.25,1.834072,1.458094,-0.1929289,2.825988,-3.018917,2.922452,0.187989,-0.2434776,-0.2826912,-0.3848232,0.102132
5_393.75_-3,5,393.75,-3,1948,-0.005254269,0.007140957,0.095271122,-0.000444948,-0.006765769,0.000411897,1.75,1.811432,1.567611,-0.1738627,3.088611,-3.262474,3.175543,0.1219106,-0.1984035,-0.2085125,-0.3026598,0.0941473
5_400.0_-3,5,400,-3,2000,-0.002539251,0.003168143,0.05583297,-0.000262051,-0.004041366,0.000114117,1.25,1.888369,2.004392,-0.1750322,3.648047,-3.823079,3.735563,-0.05801148,-0.2194596,-0.116031,-0.2774751,0.1614441
5_400.0_-3,5,400,-3,2000,-0.00218333,0.001625829,0.042229587,-0.000206731,-0.003072268,-1.85E-05,1,2.014643,2.590934,-0.2457296,4.323218,-4.568947,4.446083,-0.2881454,-0.2633533,-0.009009184,-0.2678579,0.2588487
5_400_-3,5,400,-3,2000,-0.006992954,0.009700489,0.12085012,-0.000603128,-0.00843703,0.000599213,2,1.800875,1.477833,-0.175698,2.940355,-3.116053,3.028204,0.1615214,-0.2082248,-0.2298036,-0.3231266,0.09332296
5_405.0_-3,5,405,-3,2000,-0.003564434,0.004992855,0.074221123,-0.000344946,-0.005329634,0.000251966,1.5,1.846918,1.741213,-0.1640109,3.330624,-3.494635,3.412629,0.05285264,-0.2055023,-0.172605,-0.2918048,0.1191998
5_405.0_-3,5,405,-3,2000,-0.009680421,0.014247797,0.155786729,-0.000873457,-0.010492324,0.000798195,2.25,1.854282,1.481753,-0.1916629,2.875991,-3.067654,2.971823,0.1862643,-0.2407199,-0.2803681,-0.380904,0.1005358
5_405_-3,5,405,-3,2000,-0.017741565,0.023434147,0.238493516,-0.001670282,-0.015337091,0.001320445,3,1.623839,1.244451,-0.1998404,2.33923,-2.53907,2.43915,0.1896936,-0.2616449,-0.2690024,-0.3961461,0.1271437
5_410_-3,5,410,-3,2000,-0.006936473,0.009637662,0.121395845,-0.000596066,-0.008516195,0.000587052,2,1.801367,1.492268,-0.1747539,2.969506,-3.14426,3.056883,0.1545494,-0.2054176,-0.2264412,-0.3186382,0.09219705
5_410.625_-3,5,410.625,-3,2000,-0.009636259,0.014213075,0.156749332,-0.000868332,-0.010574963,0.00079867,2.25,1.863688,1.493054,-0.1908524,2.899926,-3.090779,2.995352,0.1853168,-0.2391492,-0.2788282,-0.3785633,0.09973511
5_412.5_-3,5,412.5,-3,2000,-0.014667068,0.020961409,0.212786939,-0.001366299,-0.01397165,0.001168379,2.75,1.719392,1.327495,-0.1955552,2.547858,-2.743414,2.645636,0.1959486,-0.253993,-0.2845608,-0.3962735,0.1117126
5_416.25_-3,5,416.25,-3,2000,-0.009583141,0.014146684,0.157695817,-0.000863095,-0.010653104,0.000799256,2.25,1.872964,1.504149,-0.1898627,2.92268,-3.112542,3.017611,0.1844076,-0.2375489,-0.2765929,-0.3758453,0.09925242
5_420_-3,5,420,-3,2000,-0.00689347,0.00957692,0.12209103,-0.000591058,-0.008597848,0.000575553,2,1.804086,1.508506,-0.1741561,2.999372,-3.173528,3.08645,0.1477902,-0.2033416,-0.2231143,-0.3148988,0.09178447
5_420.0_-3,5,420,-3,2000,-0.005162773,0.007010505,0.097119558,-0.000445029,-0.00693391,0.000386981,1.75,1.823741,1.621188,-0.1724669,3.16929,-3.341757,3.255523,0.1012764,-0.1974276,-0.1981451,-0.2965001,0.09835508
5_421.875_-3,5,421.875,-3,2000,-0.009492931,0.014029063,0.158367918,-0.000854,-0.010717165,0.000800551,2.25,1.879574,1.512111,-0.1880935,2.94185,-3.129943,3.035897,0.1837316,-0.2348606,-0.2731818,-0.3714514,0.09826967
5_425.0_-3,5,425,-3,2000,-0.002654878,0.00297342,0.057814257,-0.000272707,-0.004198735,7.84E-05,1.25,1.905828,2.124714,-0.1861633,3.78842,-3.974583,3.881501,-0.109443,-0.2269304,-0.09052862,-0.2721947,0.1816661
5_425.0_-3,5,425,-3,2000,-0.012006515,0.017691368,0.187032548,-0.001100485,-0.012518065,0.000983776,2.5,1.812963,1.429347,-0.1931885,2.773505,-2.966693,2.870099,0.1918078,-0.2464738,-0.2860232,-0.3894854,0.1034622
5_427.5_-3,5,427.5,-3,2000,-0.003456248,0.004897348,0.075887065,-0.000355282,-0.005460897,0.000230829,1.5,1.861717,1.807532,-0.1610405,3.417782,-3.578823,3.498302,0.02709236,-0.2105966,-0.1599776,-0.2905854,0.1306078
5_427.5_-3,5,427.5,-3,2000,-0.009178847,0.013039843,0.155490467,-0.000810857,-0.010613204,0.000799548,2.25,1.846972,1.483548,-0.1823974,2.915846,-3.098244,3.007045,0.181712,-0.2225048,-0.2503544,-0.347682,0.09732757
5_433.125_-3,5,433.125,-3,2000,-0.009010722,0.012537403,0.153315405,-0.000788073,-0.010565274,0.000790152,2.25,1.819452,1.46469,-0.1792554,2.904233,-3.083488,2.993861,0.1773812,-0.2159719,-0.2394213,-0.3356826,0.09626122
5_437.5_-3,5,437.5,-3,2000,-0.011974126,0.017687555,0.189955683,-0.001092898,-0.01274633,0.000988224,2.5,1.837377,1.455749,-0.1927061,2.826322,-3.019028,2.922675,0.1908143,-0.2445166,-0.2846124,-0.3868228,0.1022104
5_438.75_-3,5,438.75,-3,2000,-0.008906775,0.012425509,0.152840736,-0.000779355,-0.010594091,0.000779808,2.25,1.810077,1.464073,-0.1772924,2.913585,-3.090877,3.002231,0.1730018,-0.2133715,-0.2362824,-0.3315127,0.09523028
5_440.0_-3,5,440,-3,2000,-0.002548487,0.001400023,0.045919813,-0.000233418,-0.00332431,-7.48E-05,1,2.089875,2.915659,-0.2915812,4.66405,-4.955632,4.809841,-0.4128916,-0.2963422,0.04283431,-0.2749251,0.3177594
5_446.25_-3,5,446.25,-3,2000,-0.004967914,0.006935916,0.098985412,-0.000456046,-0.007089776,0.000368078,1.75,1.838367,1.673297,-0.1674332,3.246465,-3.413899,3.330182,0.08253503,-0.201376,-0.1891161,-0.2959341,0.1068179
5_450.0_-3,5,450,-3,2000,-0.002823574,0.002807055,0.060246342,-0.000285959,-0.004384967,4.24E-05,1.25,1.93882,2.260719,-0.2006874,3.953479,-4.154166,4.053822,-0.1609491,-0.2367919,-0.06723343,-0.2704086,0.2031752
5_450_-3,5,450,-3,2000,-0.006770926,0.009380994,0.124417853,-0.00058328,-0.008834618,0.000541215,2,1.815282,1.560704,-0.1725471,3.086011,-3.258558,3.172285,0.127289,-0.1996713,-0.2125748,-0.3059586,0.09338388
5_450.0_-3,5,450,-3,2000,-0.01188276,0.017645752,0.192424676,-0.001081813,-0.012959152,0.000989786,2.5,1.85717,1.478923,-0.191343,2.876035,-3.067378,2.971706,0.1891235,-0.2417476,-0.282428,-0.3829616,0.1005336
5_450.0_-3,5,450,-3,2000,-0.003441901,0.004779042,0.077685058,-0.000363647,-0.005602638,0.000205921,1.5,1.876512,1.880003,-0.1628157,3.508924,-3.67174,3.590332,-0.001745269,-0.214349,-0.1458488,-0.2872734,0.1414247
5_450.0_-3,5,450,-3,2000,-0.008780398,0.012331127,0.152998649,-0.000765732,-0.010681082,0.000762706,2.25,1.804425,1.473301,-0.1751864,2.939592,-3.114779,3.027186,0.1655621,-0.2092501,-0.2326589,-0.3255795,0.0929206
5_450_-3,5,450,-3,2000,-0.017384763,0.025023874,0.253336132,-0.001630029,-0.016635912,0.001395934,3,1.721337,1.325771,-0.1952971,2.548473,-2.74377,2.646121,0.1977829,-0.2547514,-0.2860361,-0.3977694,0.1117333
5_456.25_-3,5,456.25,-3,2000,-0.011827413,0.017598895,0.193637624,-0.001075758,-0.013061523,0.000990485,2.5,1.866851,1.490357,-0.1905123,2.900041,-3.090553,2.995297,0.1882472,-0.2402465,-0.2808543,-0.3806736,0.09981932
5_461.25_-3,5,461.25,-3,2000,-0.008703725,0.012253327,0.153668318,-0.000756502,-0.010779704,0.000747246,2.25,1.804782,1.487402,-0.1741169,2.968334,-3.142451,3.055393,0.1586903,-0.206376,-0.2294095,-0.3210808,0.09167128
5_462.5_-3,5,462.5,-3,2000,-0.011759001,0.017512285,0.194790499,-0.001069076,-0.013156674,0.000991223,2.5,1.876037,1.501256,-0.1894736,2.922499,-3.111973,3.017236,0.1873903,-0.2386035,-0.2785773,-0.3778921,0.0993148
5_467.5_-3,5,467.5,-3,2000,-0.014464325,0.021469325,0.226461654,-0.001335597,-0.015152655,0.001195739,2.75,1.815833,1.427363,-0.1929665,2.773583,-2.966549,2.870066,0.1942351,-0.2474138,-0.2877367,-0.3912822,0.1035455
5_468.75_-3,5,468.75,-3,2000,-0.01164838,0.017366233,0.195603927,-0.001056733,-0.013234286,0.00099302,2.5,1.88259,1.508979,-0.1877094,2.941314,-3.129023,3.035169,0.1868058,-0.2356677,-0.2751921,-0.3732638,0.09807168
5_472.5_-3,5,472.5,-3,2000,-0.008643054,0.012177241,0.15453082,-0.000749931,-0.010881368,0.000732703,2.25,1.807431,1.503322,-0.1733689,2.997775,-3.171144,3.084459,0.1520543,-0.2042494,-0.2261765,-0.3173377,0.09116116
5_472.5_-3,5,472.5,-3,2000,-0.004699073,0.006830024,0.100914549,-0.000471276,-0.00724149,0.000345663,1.75,1.851518,1.729335,-0.1599512,3.323291,-3.483242,3.403266,0.06109161,-0.2071576,-0.1782379,-0.2962765,0.1180386
5_475.0_-3,5,475,-3,2000,-0.011261804,0.016165401,0.192046432,-0.001003553,-0.013108485,0.000991571,2.5,1.84998,1.480338,-0.1820033,2.915868,-3.097871,3.00687,0.1848208,-0.2233429,-0.2528011,-0.3497434,0.09694229
5_475.0_-3,5,475,-3,2000,-0.003060734,0.002678704,0.063146258,-0.00030041,-0.004595772,6.60E-06,1.25,1.987873,2.413004,-0.2198972,4.138596,-4.358493,4.248544,-0.2125657,-0.2477613,-0.04660499,-0.2710638,0.2244588
5_480_-3,5,480,-3,2000,-0.00663672,0.009214108,0.126808785,-0.000583202,-0.009051369,0.000509445,2,1.827959,1.613219,-0.1706802,3.165813,-3.336493,3.251153,0.1073697,-0.1986777,-0.2025923,-0.2999739,0.0973816
5_480.0_-3,5,480,-3,2000,-0.003539347,0.004553646,0.080278108,-0.000374002,-0.005807923,0.000162832,1.5,1.894246,1.987638,-0.1707925,3.637418,-3.808211,3.722814,-0.04669574,-0.2187886,-0.1237161,-0.2806467,0.1569306
5_480.0_-3,5,480,-3,2000,-0.002473261,0.000604338,0.044371127,-0.000263192,-0.003257915,-0.000178293,1,1.808614,3.028734,-0.2903149,4.572086,-4.862401,4.717243,-0.61006,-0.3336499,0.1601443,-0.2535778,0.4137221
5_481.25_-3,5,481.25,-3,2000,-0.011045963,0.015526395,0.189237256,-0.000974548,-0.01304285,0.000979971,2.5,1.821454,1.460345,-0.1787148,2.902841,-3.081556,2.992198,0.1805546,-0.2166173,-0.2415636,-0.3373991,0.09583548
5_481.25_-3,5,481.25,-3,2000,-0.014415905,0.021453773,0.229944713,-0.001325322,-0.015426338,0.001200817,2.75,1.839863,1.453348,-0.1923793,2.825942,-3.018321,2.922132,0.1932578,-0.2452589,-0.2862085,-0.3883631,0.1021546
5_487.5_-3,5,487.5,-3,2000,-0.010915806,0.015392109,0.188678619,-0.000963788,-0.013078421,0.000967198,2.5,1.812378,1.459889,-0.1767158,2.912195,-3.088911,3.000553,0.1762448,-0.2140248,-0.2385141,-0.3332818,0.0947677
5_495.0_-3,5,495,-3,2000,-0.014300012,0.021405866,0.232902597,-0.001312028,-0.015682992,0.001202432,2.75,1.859459,1.476269,-0.1909391,2.875499,-3.066438,2.970968,0.1915948,-0.2425243,-0.2841204,-0.3845845,0.1004641
5_498.75_-3,5,498.75,-3,2000,-0.004557171,0.006684055,0.1031559,-0.000482838,-0.007417775,0.000315558,1.75,1.865805,1.795117,-0.1570803,3.409071,-3.566151,3.487611,0.03534409,-0.2111718,-0.1655015,-0.2939225,0.1284211
5_500.0_-3,5,500,-3,2000,-0.010758037,0.015280272,0.188889722,-0.000946812,-0.013185618,0.000946213,2.5,1.807002,1.469101,-0.1745623,2.938155,-3.112717,3.025436,0.1689503,-0.2098822,-0.2350406,-0.3274025,0.09236187
5_500.0_-3,5,500,-3,2000,-0.003379132,0.002607821,0.066697355,-0.000316066,-0.004841368,-2.73E-05,1.25,2.061155,2.586024,-0.244694,4.35256,-4.597254,4.474907,-0.2624348,-0.259872,-0.03011059,-0.2749273,0.2448167
5_501.875_-3,5,501.875,-3,2000,-0.014229749,0.021347811,0.234389986,-0.001304811,-0.015807044,0.001203445,2.75,1.869349,1.487764,-0.1900581,2.899549,-3.089607,2.994578,0.1907924,-0.24105,-0.2825592,-0.3823295,0.09977038
5_506.25_-3,5,506.25,-3,2000,-0.008467179,0.011930518,0.157419558,-0.000739418,-0.01117598,0.000688872,2.25,1.81827,1.554618,-0.1712682,3.083162,-3.25443,3.168796,0.1318262,-0.2004354,-0.2159102,-0.3083905,0.09248024
5_508.75_-3,5,508.75,-3,2000,-0.014143979,0.021232152,0.235763829,-0.001296416,-0.015919746,0.001204262,2.75,1.878403,1.49848,-0.188976,2.921555,-3.110532,3.016044,0.1899618,-0.2393547,-0.2801579,-0.3794336,0.09927575
5_510_-3,5,510,-3,2000,-0.017145394,0.025607996,0.269679644,-0.001592253,-0.018035339,0.001429571,3,1.818549,1.425599,-0.1927241,2.773124,-2.965848,2.869486,0.1964753,-0.2480158,-0.2891179,-0.3925747,0.1034568
5_510.0_-3,5,510,-3,2000,-0.003715057,0.004257923,0.08316381,-0.000388046,-0.006037437,0.00010943,1.5,1.912592,2.108477,-0.1820955,3.779257,-3.961352,3.870304,-0.09794295,-0.2256204,-0.09845788,-0.2748493,0.1763914
5_510_-3,5,510,-3,2000,-0.006325494,0.00910722,0.129158296,-0.000598386,-0.009245563,0.000484935,2,1.841864,1.663673,-0.1640621,3.240375,-3.404437,3.322406,0.08909556,-0.2029617,-0.193564,-0.2997437,0.1061797
5_512.5_-3,5,512.5,-3,2000,-0.010657611,0.015184429,0.189697167,-0.000935098,-0.013305703,0.000927077,2.5,1.807278,1.482934,-0.1733788,2.966548,-3.139927,3.053237,0.162172,-0.2069483,-0.2318607,-0.3228786,0.09101792
5_515.625_-3,5,515.625,-3,2000,-0.014010523,0.021052124,0.236706372,-0.0012799,-0.016011404,0.001206602,2.75,1.884721,1.505832,-0.187213,2.939933,-3.127146,3.03354,0.1894446,-0.2361262,-0.2767532,-0.3745028,0.0977496
5_520.0_-3,5,520,-3,2000,-0.002280431,-0.000144292,0.042355258,-0.000303687,-0.003204265,-0.000285076,1,1.497291,3.121314,-0.2753285,4.505503,-4.780832,4.643167,-0.8120116,-0.3866706,0.2712624,-0.2510394,0.5223018
5_522.5_-3,5,522.5,-3,2000,-0.013537753,0.01958687,0.23223281,-0.001214256,-0.015854342,0.001204622,2.75,1.850915,1.475965,-0.1814318,2.91359,-3.095022,3.004306,0.1874753,-0.2235675,-0.2542763,-0.3507057,0.09642937
5_525.0_-3,5,525,-3,2000,-0.010575916,0.015092102,0.190743414,-0.000926775,-0.013429441,0.000909113,2.5,1.809859,1.498586,-0.1724988,2.995627,-3.168126,3.081877,0.1556364,-0.2047864,-0.2287204,-0.3191466,0.09042624
5_525_-3,5,525,-3,2000,-0.017072078,0.025585233,0.273697912,-0.001579353,-0.018357624,0.001434641,3,1.841722,1.450893,-0.1919744,2.82499,-3.016964,2.920977,0.1954143,-0.2457622,-0.2875782,-0.3895513,0.1019731
5_525.0_-3,5,525,-3,2000,-0.004548137,0.006508665,0.105585579,-0.000491627,-0.0076096,0.000280408,1.75,1.880439,1.866979,-0.1591255,3.499321,-3.658446,3.578883,0.006730171,-0.2138144,-0.1514349,-0.2895319,0.138097
5_529.375_-3,5,529.375,-3,2000,-0.013268039,0.018828094,0.228801678,-0.001179421,-0.01577382,0.001190132,2.75,1.82214,1.455768,-0.1779939,2.900417,-3.078411,2.989414,0.1831859,-0.2168973,-0.2432566,-0.3385256,0.09526896
5_536.25_-3,5,536.25,-3,2000,-0.013112182,0.018676505,0.228205239,-0.001166558,-0.015818681,0.001174954,2.75,1.813745,1.455757,-0.1760157,2.910093,-3.086108,2.998101,0.1789944,-0.2143403,-0.2403774,-0.334529,0.09415163
5_540.0_-3,5,540,-3,2000,-0.003977084,0.004018087,0.086836439,-0.000405293,-0.006316015,5.60E-05,1.5,1.950129,2.247908,-0.1973052,3.950247,-4.147552,4.0489,-0.1488895,-0.2345492,-0.07620928,-0.2726539,0.1964446
5_540.0_-3,5,540,-3,2000,-0.008279229,0.011718524,0.160402829,-0.000739155,-0.011445572,0.000649218,2.25,1.830995,1.606136,-0.1689503,3.161773,-3.330723,3.246248,0.1124298,-0.1994379,-0.2061407,-0.3025082,0.09636752
5_540_-3,5,540,-3,2000,-0.016927923,0.025530875,0.277209644,-0.001563669,-0.01866275,0.001436413,3,1.861302,1.473708,-0.1904557,2.874509,-3.064965,2.969737,0.1937968,-0.2430595,-0.2855711,-0.3858451,0.1002739
5_540_-3,5,540,-3,2000,-0.005968784,0.008946237,0.131644557,-0.000615867,-0.009440701,0.000453773,2,1.854338,1.719391,-0.1563604,3.316063,-3.472423,3.394243,0.06747389,-0.2079579,-0.182423,-0.2991694,0.1167464
5_547.5_-3,5,547.5,-3,2000,-0.016841329,0.025456264,0.278994936,-0.001555086,-0.01880989,0.00143765,3,1.871318,1.485246,-0.1895362,2.898487,-3.088024,2.993255,0.1930364,-0.241592,-0.2839721,-0.383578,0.09960595
5_550.0_-3,5,550,-3,2000,-0.01292183,0.018546478,0.228505793,-0.001145916,-0.015949232,0.001149804,2.75,1.808837,1.465131,-0.173851,2.936194,-3.110045,3.023119,0.1718531,-0.2101915,-0.2370409,-0.3287119,0.09167102
5_550.0_-3,5,550,-3,2000,-0.004092404,0.002404282,0.073970008,-0.00035645,-0.005319765,-0.000106161,1.25,2.200716,2.950384,-0.30008,4.765471,-5.065551,4.915511,-0.3748339,-0.2920454,0.008664926,-0.2877129,0.2963778
5_555_-3,5,555,-3,2000,-0.016735944,0.025302609,0.280590049,-0.001544486,-0.018940095,0.001438478,3,1.880142,1.495704,-0.1884144,2.91988,-3.108294,3.014087,0.1922189,-0.2398053,-0.2814045,-0.3805075,0.09910298
5_560.0_-3,5,560,-3,2000,-0.002364701,-0.000621113,0.043159701,-0.000351808,-0.003317064,-0.000376062,1,1.362004,3.343364,-0.2898777,4.662216,-4.952093,4.807154,-0.9906797,-0.4504152,0.3520546,-0.2743879,0.6264425
5_560.0_-3,5,560,-3,2000,-0.004694659,0.006176016,0.109109855,-0.000503763,-0.007890108,0.000218506,1.75,1.897624,1.974814,-0.1673554,3.627928,-3.795283,3.711605,-0.03859497,-0.217492,-0.1291631,-0.2820736,0.1529105
5_562.5_-3,5,562.5,-3,2000,-0.010339002,0.014784603,0.194251841,-0.000912953,-0.01378756,0.000854753,2.5,1.820447,1.54909,-0.1700132,3.079865,-3.249878,3.164872,0.1356787,-0.2008183,-0.2186128,-0.3101247,0.09151188
5_562.5_-3,5,562.5,-3,2000,-0.016576044,0.02509151,0.28166004,-0.00152289,-0.019047722,0.00144155,3,1.886221,1.502666,-0.1866334,2.938026,-3.124659,3.031343,0.1917776,-0.2362737,-0.2780588,-0.3753031,0.09724426
5_563.75_-3,5,563.75,-3,2000,-0.012793609,0.018431636,0.229465665,-0.001131408,-0.016092749,0.001126639,2.75,1.809073,1.478747,-0.1725587,2.964284,-3.136842,3.050563,0.165163,-0.2072061,-0.2339335,-0.3241728,0.09023933
5_570_-3,5,570,-3,2000,-0.005792551,0.00873903,0.134543522,-0.000627995,-0.009668173,0.000413177,2,1.868292,1.784634,-0.1536663,3.400589,-3.554256,3.477422,0.04182894,-0.2109847,-0.1696279,-0.2957986,0.1261708
5_570.0_-3,5,570,-3,2000,-0.004336609,0.003861144,0.091199805,-0.000424626,-0.006630418,6.36E-06,1.5,2.006106,2.402149,-0.2172369,4.141708,-4.358944,4.250326,-0.1980213,-0.2447254,-0.05775877,-0.2736048,0.215846
5_570_-3,5,570,-3,2000,-0.015999511,0.023277998,0.275907266,-0.001441462,-0.01884335,0.001439078,3,1.849853,1.470202,-0.1807063,2.908979,-3.089686,2.999332,0.1898256,-0.2232014,-0.2548448,-0.3506238,0.095779
5_573.75_-3,5,573.75,-3,2000,-0.007825341,0.011567138,0.163278833,-0.000758678,-0.011681431,0.000617973,2.25,1.844133,1.65526,-0.1610023,3.234155,-3.395157,3.314656,0.09443683,-0.2038543,-0.1969958,-0.3023522,0.1053564
5_577.5_-3,5,577.5,-3,2000,-0.015672779,0.022441053,0.271971825,-0.001402311,-0.018756332,0.001420655,3,1.821843,1.451021,-0.1771546,2.897245,-3.0744,2.985823,0.1854109,-0.2169005,-0.244611,-0.339206,0.09459499
5_577.5_-3,5,577.5,-3,2000,-0.012688111,0.018319535,0.230716388,-0.001121065,-0.016241041,0.001104789,2.75,1.811605,1.494216,-0.1715704,2.993129,-3.1647,3.078914,0.1586943,-0.2050036,-0.230847,-0.3204271,0.08958016
5_585_-3,5,585,-3,2000,-0.015493192,0.02227882,0.271404845,-0.001387319,-0.018813796,0.001403201,3,1.814463,1.451701,-0.1752441,2.907521,-3.082765,2.995143,0.1813807,-0.214399,-0.241962,-0.33538,0.09341797
5_595.0_-3,5,595,-3,2000,-0.004942673,0.005758341,0.11307524,-0.000521578,-0.00820494,0.000143563,1.75,1.91668,2.096157,-0.1787608,3.770637,-3.949398,3.860018,-0.08973839,-0.2238663,-0.1041347,-0.2759336,0.1717989
5_600.0_-3,5,600,-3,2000,-0.002571393,-0.001002555,0.045214803,-0.000400478,-0.003482889,-0.000462053,1,1.300727,3.627038,-0.318249,4.887879,-5.206128,5.047003,-1.163155,-0.5145819,0.4233117,-0.302926,0.7262377
5_600.0_-3,5,600,-3,2000,-0.010085345,0.014523636,0.19788199,-0.000912555,-0.014114825,0.000806692,2.5,1.833215,1.599624,-0.1672689,3.157352,-3.324621,3.240987,0.1167957,-0.1998397,-0.2090469,-0.3043632,0.09531627
5_600_-3,5,600,-3,2000,-0.005797662,0.008497555,0.13771496,-0.000637061,-0.009919255,0.00036552,2,1.882896,1.85636,-0.1560681,3.490661,-3.646729,3.568695,0.01326824,-0.2128491,-0.1556886,-0.2906934,0.1350048
5_600.0_-3,5,600,-3,2000,-0.004343375,0.001391016,0.075110718,-0.000413553,-0.005418057,-0.000251188,1.25,2.062802,3.166675,-0.3238499,4.845536,-5.169386,5.007461,-0.5519366,-0.3393155,0.1068374,-0.2858968,0.3927342
5_600.0_-3,5,600,-3,2000,-0.004816479,0.003785652,0.096551857,-0.000445365,-0.006998511,-4.10E-05,1.5,2.087308,2.578536,-0.2429,4.364168,-4.607068,4.485618,-0.2456142,-0.2558487,-0.04339814,-0.2775477,0.2341496
5_600_-3,5,600,-3,2000,-0.0152681,0.0221297,0.271834046,-0.001362757,-0.0189707,0.001373577,3,1.810124,1.461354,-0.1730782,2.933845,-3.106923,3.020384,0.174385,-0.2102626,-0.2387475,-0.3296363,0.0908888
5_607.5_-3,5,607.5,-3,2000,-0.007366171,0.011340925,0.166387501,-0.000778221,-0.011924732,0.000576448,2.25,1.856002,1.710692,-0.1530798,3.308787,-3.461866,3.385327,0.07265493,-0.2081856,-0.1856675,-0.3010193,0.1153519
5_615_-3,5,615,-3,2000,-0.015107418,0.021994623,0.272964524,-0.001345261,-0.019139848,0.00134613,3,1.810379,1.474798,-0.1716758,2.961714,-3.13339,3.047552,0.1677907,-0.2072501,-0.2357092,-0.3251047,0.08939548
5_618.75_-3,5,618.75,-3,2000,-0.012383317,0.01794188,0.234902864,-0.001103482,-0.016668312,0.001038768,2.75,1.822003,1.544045,-0.1687877,3.076316,-3.245103,3.16071,0.1389786,-0.2009082,-0.2208349,-0.3113256,0.09049075
5_630.0_-3,5,630,-3,2000,-0.005317858,0.005439308,0.118221121,-0.000543325,-0.00859339,7.09E-05,1.75,1.957879,2.23699,-0.1944623,3.945515,-4.139977,4.042746,-0.1395553,-0.2321314,-0.08287797,-0.2735704,0.1906924
5_630_-3,5,630,-3,2000,-0.014977321,0.021858016,0.274440861,-0.001332576,-0.019314915,0.001319866,3,1.812872,1.49015,-0.1706205,2.990352,-3.160973,3.075663,0.1613614,-0.2049982,-0.2326361,-0.3213163,0.08868019
5_637.5_-3,5,637.5,-3,2000,-0.00945697,0.014320565,0.201319264,-0.000936525,-0.014394827,0.000767467,2.5,1.845504,1.64762,-0.1581016,3.227756,-3.385858,3.306807,0.09894198,-0.204265,-0.1998136,-0.3041718,0.1043583
5_640.0_-3,5,640,-3,2000,-0.006004951,0.008034326,0.142321397,-0.000650896,-0.010286954,0.000281247,2,1.899803,1.964434,-0.1645211,3.619405,-3.783926,3.701665,-0.03231565,-0.2159364,-0.1332803,-0.2825765,0.1492962
5_641.25_-3,5,641.25,-3,2000,-0.007160996,0.011063294,0.170034793,-0.000790109,-0.012210554,0.00052379,2.25,1.869809,1.775525,-0.1507121,3.392406,-3.543118,3.467762,0.04714191,-0.210299,-0.1728838,-0.2967409,0.1238571
5_650.0_-3,5,650,-3,2000,-0.003686678,-0.000199993,0.067931998,-0.000461787,-0.005085991,-0.000448464,1.25,1.587685,3.144294,-0.2840867,4.563849,-4.847935,4.705892,-0.7783046,-0.3789937,0.2453773,-0.256305,0.5016823
5_660.0_-3,5,660,-3,2000,-0.012043264,0.017634526,0.23922421,-0.00110333,-0.017057162,0.000982139,2.75,1.8348,1.593513,-0.1655274,3.15267,-3.318197,3.235433,0.1206433,-0.2000207,-0.2115512,-0.3057963,0.09424512
5_660.0_-3,5,660,-3,2000,-0.005959596,0.003594455,0.108159153,-0.000502514,-0.007747742,-0.000149193,1.5,2.260203,2.963745,-0.303599,4.812284,-5.115883,4.964084,-0.3517708,-0.2876853,-0.01138448,-0.2933775,0.281993
5_665.0_-3,5,665,-3,2000,-0.005825463,0.005241645,0.124328967,-0.000567697,-0.009031321,4.02E-06,1.75,2.018159,2.392756,-0.2149038,4.141189,-4.356093,4.248641,-0.1872983,-0.2415396,-0.06567905,-0.2743792,0.2087001
5_675.0_-3,5,675,-3,2000,-0.007186385,0.010751641,0.174047847,-0.000799318,-0.012529317,0.000461749,2.25,1.884432,1.847125,-0.153429,3.482453,-3.635882,3.559167,0.01865347,-0.2115937,-0.1591861,-0.2911868,0.1320007
5_675_-3,5,675,-3,2000,-0.014596422,0.021402131,0.279359937,-0.001310616,-0.019817207,0.001240943,3,1.823081,1.539391,-0.1675843,3.072633,-3.240217,3.156425,0.1418454,-0.2007699,-0.2226999,-0.3121199,0.08941992
5_675.0_-3,5,675,-3,2000,-0.008895249,0.014015552,0.205136305,-0.000957592,-0.014692926,0.000713695,2.5,1.856966,1.703023,-0.1502162,3.301728,-3.451944,3.376836,0.07697124,-0.2079533,-0.1883008,-0.3021037,0.1138029
5_680.0_-3,5,680,-3,2000,-0.006339178,0.007473211,0.14755395,-0.000672731,-0.010701919,0.000181307,2,1.919737,2.086246,-0.1760374,3.763247,-3.939284,3.851266,-0.08325452,-0.2219182,-0.1084465,-0.2761415,0.167695
5_700.0_-3,5,700,-3,2000,-0.003688061,-0.001106245,0.067792188,-0.000540234,-0.005199657,-0.000604231,1.25,1.395566,3.326211,-0.2890875,4.667623,-4.95671,4.812167,-0.9653223,-0.4462026,0.3348254,-0.2787899,0.6136153
5_700.0_-3,5,700,-3,2000,-0.006489055,0.005146463,0.131728945,-0.000594142,-0.009539542,-6.04E-05,1.75,2.102387,2.57004,-0.2408081,4.366702,-4.60751,4.487106,-0.2338263,-0.2519529,-0.05221582,-0.2780608,0.225845
5_701.25_-3,5,701.25,-3,2000,-0.011224153,0.017373559,0.243282422,-0.00113165,-0.017385655,0.000933013,2.75,1.846303,1.640824,-0.1554842,3.22153,-3.377014,3.299272,0.1027395,-0.2043532,-0.2022657,-0.305486,0.1032203
5_712.5_-3,5,712.5,-3,2000,-0.008667054,0.013654228,0.209636445,-0.000968873,-0.01504578,0.000646987,2.5,1.870789,1.767712,-0.1482274,3.385011,-3.533238,3.459125,0.05153837,-0.2093517,-0.1755118,-0.2971076,0.1215957
5_720.0_-3,5,720,-3,2000,-0.00746731,0.010129902,0.179909137,-0.000815008,-0.012998256,0.000351578,2.25,1.901465,1.955649,-0.1620974,3.611921,-3.774019,3.69297,-0.02709186,-0.2142757,-0.1365703,-0.2825608,0.1459905
5_720.0_-3,5,720,-3,2000,-0.006845533,0.007058946,0.154384153,-0.000699501,-0.011215889,8.62E-05,2,1.963131,2.227741,-0.192059,3.940171,-4.13223,4.036201,-0.1323048,-0.2297084,-0.08781456,-0.2736157,0.1858011
5_720_-3,5,720,-3,2000,-0.01414748,0.021047628,0.284423783,-0.001311383,-0.020272001,0.001175495,3,1.835935,1.58784,-0.1637568,3.147974,-3.31173,3.229852,0.1240475,-0.2000578,-0.2136906,-0.3069031,0.09321253
5_720.0_-3,5,720,-3,2000,-0.006754236,0.002423205,0.113794275,-0.000599036,-0.00810301,-0.000345832,1.5,2.229218,3.264781,-0.3481693,5.017316,-5.365485,5.1914,-0.5177815,-0.3442847,0.07054104,-0.3090142,0.3795552
5_742.5_-3,5,742.5,-3,2000,-0.010553894,0.016967391,0.247882847,-0.001153731,-0.017744335,0.000865435,2.75,1.857461,1.696212,-0.1476816,3.294975,-3.442657,3.368816,0.08062462,-0.2074452,-0.1904477,-0.302669,0.1122213
5_750.0_-3,5,750,-3,2000,-0.004011155,-0.001722441,0.070870473,-0.000615863,-0.005455252,-0.000743555,1.25,1.329379,3.605368,-0.317075,4.889825,-5.2069,5.048362,-1.137995,-0.5104094,0.4049314,-0.3079436,0.7128751
5_750.0_-3,5,750,-3,2000,-0.008714284,0.013261255,0.214590858,-0.000978033,-0.015440333,0.000569146,2.5,1.885582,1.83908,-0.1511385,3.47508,-3.626219,3.55065,0.0232509,-0.2101986,-0.1619949,-0.2911961,0.1292012
5_760.0_-3,5,760,-3,2000,-0.007523532,0.006815697,0.16250846,-0.000729146,-0.011796176,-7.27E-07,2,2.02634,2.384442,-0.2128028,4.138517,-4.351319,4.244918,-0.1790511,-0.2384388,-0.07154312,-0.2742103,0.2026672
5_765_-3,5,765,-3,2000,-0.013111132,0.020707292,0.289148974,-0.001344377,-0.020652821,0.001115659,3,1.846817,1.634496,-0.1529461,3.215577,-3.368523,3.29205,0.1061604,-0.2043106,-0.2042015,-0.3064113,0.1022098
5_765.0_-3,5,765,-3,2000,-0.007902078,0.00940342,0.186594255,-0.000841142,-0.013527624,0.00022307,2.25,1.922228,2.077901,-0.1737323,3.756758,-3.930491,3.843625,-0.0778364,-0.219931,-0.1118847,-0.2758734,0.1639887
5_770.0_-3,5,770,-3,2000,-0.008143503,0.004965727,0.148461995,-0.000670599,-0.010608611,-0.000204154,1.75,2.295442,2.967791,-0.3047593,4.835843,-5.140603,4.988223,-0.3361745,-0.2834148,-0.02440041,-0.295615,0.2712146
5_780.0_-3,5,780,-3,2000,-0.00575687,-2.38E-05,0.102705867,-0.000652525,-0.007576291,-0.000632423,1.5,1.737912,3.223047,-0.3053603,4.70641,-5.01177,4.85909,-0.7425677,-0.3740015,0.2150668,-0.2664681,0.481535
5_783.75_-3,5,783.75,-3,2000,-0.010312349,0.01649715,0.253358351,-0.001163944,-0.018174592,0.000781418,2.75,1.871306,1.761231,-0.1461217,3.378535,-3.524657,3.451596,0.05503736,-0.2082548,-0.1774974,-0.2970035,0.1195061
5_800.0_-3,5,800,-3,2000,-0.008390805,0.006680968,0.172162254,-0.000761798,-0.012459539,-8.60E-05,2,2.110753,2.561118,-0.2386164,4.363778,-4.602394,4.483086,-0.2251822,-0.248274,-0.05828397,-0.277416,0.219132
5_800.0_-3,5,800,-3,2000,-0.009085822,0.012459692,0.221859599,-0.000995783,-0.016022884,0.000429146,2.5,1.902621,1.948069,-0.1600796,3.605116,-3.765196,3.685156,-0.02272396,-0.2125957,-0.139238,-0.2822148,0.1429767
5_810_-3,5,810,-3,2000,-0.012330199,0.02018838,0.294610619,-0.001366309,-0.021078156,0.00103184,3,1.857635,1.69001,-0.1452922,3.288612,-3.433904,3.361258,0.08381288,-0.2067557,-0.1921647,-0.302838,0.1106733
5_810.0_-3,5,810,-3,2000,-0.008558343,0.008882961,0.19532834,-0.000873388,-0.014183528,0.000102266,2.25,1.967127,2.219739,-0.1899794,3.934992,-4.124972,4.029982,-0.1263061,-0.2273457,-0.09177533,-0.2732334,0.1814581
5_825.0_-3,5,825,-3,2000,-0.01038121,0.016024813,0.259320578,-0.001172767,-0.018650071,0.000687106,2.75,1.886197,1.831987,-0.149133,3.468104,-3.617237,3.54267,0.02710515,-0.2087182,-0.1642804,-0.2908585,0.126578
5_840.0_-3,5,840,-3,2000,-0.005318223,-0.001747135,0.098060226,-0.000764313,-0.007503073,-0.000889916,1.5,1.420898,3.316252,-0.2887303,4.670312,-4.959042,4.814677,-0.9476771,-0.4409111,0.3228594,-0.2794814,0.6023408
5_840.0_-3,5,840,-3,2000,-0.009633762,0.003541566,0.159275524,-0.000818485,-0.011257635,-0.000472358,1.75,2.321565,3.3224,-0.3638419,5.11047,-5.474312,5.292391,-0.5004176,-0.3478448,0.05006363,-0.322813,0.3728766
5_850.0_-3,5,850,-3,2000,-0.009640117,0.011542407,0.230169333,-0.001026433,-0.016680874,0.000268748,2.5,1.924092,2.070536,-0.1719015,3.750782,-3.922683,3.836732,-0.07322168,-0.2179629,-0.1146123,-0.275269,0.1606567
5_855_-3,5,855,-3,2000,-0.012073277,0.019617733,0.301135312,-0.001375206,-0.02159199,0.000930753,3,1.871706,1.754847,-0.144049,3.372194,-3.516243,3.444219,0.05842954,-0.2070951,-0.1793327,-0.2967615,0.1174287
5_855.0_-3,5,855,-3,2000,-0.009424287,0.008571919,0.205659573,-0.00090825,-0.014920297,-8.40E-06,2.25,2.031332,2.376401,-0.2107916,4.133839,-4.344631,4.239235,-0.1725343,-0.2354167,-0.07587559,-0.2733545,0.1974789
5_880.0_-3,5,880,-3,2000,-0.010848795,0.015017542,0.268163515,-0.001192661,-0.019360268,0.000513923,2.75,1.903438,1.94141,-0.1582002,3.598963,-3.757163,3.678063,-0.01898593,-0.2108926,-0.1413773,-0.2815813,0.140204
5_880.0_-3,5,880,-3,2000,-0.010632568,0.006503726,0.194741202,-0.000859301,-0.013895598,-0.000271419,2,2.316185,2.965822,-0.3044972,4.845869,-5.150367,4.998118,-0.3248185,-0.2791101,-0.03320682,-0.2957135,0.2625067
5_900.0_-3,5,900,-3,2000,-0.005773038,-0.002699483,0.10222772,-0.000873175,-0.007860408,-0.001095462,1.5,1.348473,3.588814,-0.3157805,4.885894,-5.201674,5.043784,-1.12017,-0.5054382,0.3941374,-0.3083695,0.7025069
5_900_-3,5,900,-3,2000,-0.012185492,0.019036709,0.308242078,-0.001383228,-0.022159812,0.000816045,3,1.886617,1.825664,-0.1473481,3.461845,-3.609193,3.535519,0.03047636,-0.2072097,-0.1661294,-0.2902745,0.124145
5_900.0_-3,5,900,-3,2000,-0.010451623,0.010893991,0.240999406,-0.001063872,-0.017492887,0.000118022,2.5,1.969622,2.212522,-0.188082,3.929452,-4.117534,4.023493,-0.1214498,-0.2249166,-0.09477845,-0.2723059,0.1775274
5_900.0_-3,5,900,-3,2000,-0.010520935,0.008383164,0.217830406,-0.000947546,-0.015757772,-0.000117693,2.25,2.11549,2.552233,-0.2364851,4.358453,-4.594938,4.476696,-0.2183716,-0.2447639,-0.062649,-0.2760884,0.2134394
5_910.0_-3,5,910,-3,2000,-0.008492374,0.000442087,0.147209983,-0.000882807,-0.010743298,-0.00083259,1.75,1.901318,3.316892,-0.327899,4.890765,-5.218664,5.054715,-0.7077869,-0.3738649,0.1845506,-0.2815896,0.4661402
5_935.0_-3,5,935,-3,2000,-0.011535506,0.013893515,0.278273715,-0.001227969,-0.020160475,0.000318279,2.75,1.925539,2.064002,-0.1701556,3.745249,-3.915404,3.830326,-0.06923151,-0.2159914,-0.1168977,-0.2744403,0.1575426
5_950.0_-3,5,950,-3,2000,-0.011530709,0.010500961,0.253789133,-0.001104469,-0.018404448,-1.96E-05,2.5,2.034496,2.36905,-0.2089748,4.128602,-4.337577,4.233089,-0.167277,-0.2325076,-0.079106,-0.2720606,0.1929546
5_960.0_-3,5,960,-3,2000,-0.013042984,0.004617004,0.211920961,-0.001066813,-0.014906259,-0.000641481,2,2.377432,3.367558,-0.3763189,5.171983,-5.548302,5.360142,-0.4950628,-0.3487203,0.04112294,-0.3281588,0.3692817
5_960.0_-3,5,960,-3,2000,-0.012761186,0.017804453,0.318825407,-0.0014057,-0.023010547,0.00060599,3,1.904089,1.935531,-0.1565329,3.593433,-3.749966,3.6717,-0.01572132,-0.209257,-0.1431574,-0.2808357,0.1376783
5_980.0_-3,5,980,-3,2000,-0.007236647,-0.002570207,0.133782151,-0.001023666,-0.010217684,-0.00123376,1.75,1.43766,3.306215,-0.2877056,4.667651,-4.955357,4.811504,-0.9342776,-0.4358338,0.3145772,-0.2785452,0.5931224
5_990.0_-3,5,990,-3,2000,-0.013429759,0.008199376,0.247015245,-0.001067742,-0.017610794,-0.00035037,2.25,2.329429,2.961229,-0.3036592,4.849715,-5.153375,5.001545,-0.3159002,-0.2748739,-0.03938025,-0.294564,0.2551838
5_990.0_-3,5,990,-3,2000,-0.012531648,0.013104592,0.291443949,-0.001271457,-0.02114688,0.00013479,2.75,1.971834,2.206112,-0.1864556,3.924512,-4.110968,4.01774,-0.1171388,-0.2226688,-0.0973349,-0.2713363,0.1740014
5_1000.0_-3,5,1000,-3,2000,-0.012881301,0.010254505,0.268760241,-0.001151074,-0.019435665,-0.000155625,2.5,2.11843,2.544096,-0.2345348,4.352586,-4.587121,4.469853,-0.212833,-0.2414809,-0.06597275,-0.2744672,0.2084945
5_1020.0_-3,5,1020,-3,2000,-0.01359203,0.016447142,0.330903885,-0.001445788,-0.023966048,0.000371332,3,1.926641,2.058197,-0.1685681,3.740122,-3.90869,3.824406,-0.06577798,-0.2141092,-0.1187477,-0.273483,0.1547354
5_1040.0_-3,5,1040,-3,2000,-0.011957343,0.001086255,0.200971507,-0.001165957,-0.014497821,-0.001063137,2,2.043129,3.406328,-0.3506171,5.041233,-5.39185,5.216541,-0.6815997,-0.3803996,0.1597216,-0.3005388,0.4602604
5_1045.0_-3,5,1045,-3,2000,-0.013851948,0.012592745,0.306902174,-0.001317894,-0.022249022,-3.24E-05,2.75,2.036897,2.362128,-0.2074758,4.12337,-4.330845,4.227107,-0.1626153,-0.2298123,-0.08144915,-0.2705368,0.1890877
5_1050.0_-3,5,1050,-3,2000,-0.007842871,-0.003938475,0.139284777,-0.001172179,-0.010697246,-0.001517108,1.75,1.363102,3.574895,-0.3139283,4.880255,-5.194184,5.03722,-1.105896,-0.5007843,0.3868387,-0.307365,0.6942036
5_1080.0_-3,5,1080,-3,2000,-0.014800207,0.015487929,0.346605775,-0.00149551,-0.025141601,0.00015298,3,1.973499,2.200032,-0.1850665,3.919507,-4.104574,4.01204,-0.1132662,-0.2205132,-0.09920804,-0.2701172,0.1709091
5_1080.0_-3,5,1080,-3,2000,-0.016873338,0.005702321,0.271110112,-0.00134116,-0.019015879,-0.000848735,2.25,2.408227,3.395428,-0.3838926,5.206889,-5.590781,5.398835,-0.4936002,-0.3476104,0.03658756,-0.3293166,0.3659042
5_1100.0_-3,5,1100,-3,2000,-0.0154721,0.012306242,0.324989692,-0.001372191,-0.023495117,-0.000198986,2.75,2.120745,2.536831,-0.2327657,4.347091,-4.579857,4.463474,-0.2080431,-0.2384508,-0.06877545,-0.2728386,0.2040631
5_1100.0_-3,5,1100,-3,2000,-0.016526807,0.010067514,0.305274299,-0.001296403,-0.02175288,-0.000441925,2.5,2.338003,2.955678,-0.3024367,4.850059,-5.152495,5.001277,-0.3088374,-0.2710456,-0.04417613,-0.2931337,0.2489576
5_1120.0_-3,5,1120,-3,2000,-0.009447545,-0.003576463,0.175069823,-0.001318491,-0.013345922,-0.001634081,2,1.451852,3.297768,-0.286588,4.663937,-4.950525,4.807231,-0.9229579,-0.4314123,0.3083518,-0.2772364,0.5855882
5_1140.0_-3,5,1140,-3,2000,-0.01634462,0.014914901,0.365024901,-0.001547877,-0.026452333,-4.95E-05,3,2.038587,2.356278,-0.2056971,4.118316,-4.324014,4.221165,-0.1588455,-0.2272606,-0.08401605,-0.2692687,0.1852526
5_1170.0_-3,5,1170,-3,2000,-0.016161361,0.001866276,0.264458209,-0.001514784,-0.018893268,-0.001332557,2.25,2.167332,3.494608,-0.3720003,5.180356,-5.552356,5.366356,-0.6636378,-0.3930125,0.1402143,-0.3229054,0.4631197
5_1200.0_-3,5,1200,-3,2000,-0.021136419,0.006836942,0.337075011,-0.001641123,-0.023603029,-0.001082328,2.5,2.429682,3.412358,-0.388776,5.230389,-5.619165,5.424777,-0.491338,-0.3455097,0.03367184,-0.3286737,0.3623456
5_1200.0_-3,5,1200,-3,2000,-0.010234019,-0.005379137,0.182073162,-0.001512806,-0.01395979,-0.002012035,2,1.374028,3.564728,-0.3123694,4.872179,-5.184549,5.028364,-1.09535,-0.4966957,0.3798509,-0.3067702,0.6866211
5_1200.0_-3,5,1200,-3,2000,-0.018294416,0.014495349,0.386419191,-0.001609718,-0.027930222,-0.000248147,3,2.121975,2.529789,-0.2311756,4.3411,-4.572276,4.456688,-0.203907,-0.2355083,-0.0706763,-0.2708465,0.2001702
5_1210.0_-3,5,1210,-3,2000,-0.019912021,0.012072285,0.369425413,-0.00154469,-0.026317841,-0.00054525,2.75,2.343201,2.949049,-0.300887,4.847871,-5.148758,4.998315,-0.3029241,-0.2675162,-0.04752522,-0.2912788,0.2437536
5_1260.0_-3,5,1260,-3,2000,-0.011949687,-0.00465798,0.221958553,-0.001647023,-0.01687935,-0.002097195,2.25,1.462598,3.292641,-0.2855181,4.657682,-4.9432,4.800441,-0.9150216,-0.4271364,0.3012052,-0.2765338,0.577739
5_1300.0_-3,5,1300,-3,2000,-0.021020939,0.002465724,0.336315608,-0.001917422,-0.023864582,-0.001680517,2.5,2.254395,3.574621,-0.3900522,5.291413,-5.681465,5.486439,-0.660113,-0.4051296,0.1301647,-0.3400472,0.4702119
5_1320.0_-3,5,1320,-3,2000,-0.023581297,0.014253074,0.439418657,-0.001812701,-0.031302567,-0.000662846,3,2.345624,2.942141,-0.2991674,4.843886,-5.143053,4.99347,-0.2982586,-0.2643212,-0.05040111,-0.2895217,0.2391206
5_1320.0_-3,5,1320,-3,2000,-0.025856339,0.008105212,0.409961961,-0.001966414,-0.02867095,-0.001343853,2.75,2.445956,3.423936,-0.392365,5.247106,-5.639471,5.443289,-0.4889904,-0.3429431,0.03054977,-0.3276683,0.358218
5_1350.0_-3,5,1350,-3,2000,-0.012905592,-0.006999289,0.23043762,-0.001892177,-0.017643693,-0.00258106,2.25,1.380761,3.55541,-0.3102393,4.862812,-5.173051,5.017931,-1.087324,-0.4923732,0.3730139,-0.3058662,0.6788801
5_1400.0_-3,5,1400,-3,2000,-0.014762285,-0.005909586,0.274513746,-0.002006294,-0.020842021,-0.002612588,2.5,1.473996,3.287601,-0.2848338,4.655884,-4.940718,4.798301,-0.9068021,-0.4225011,0.2956018,-0.2747002,0.570302
5_1430.0_-3,5,1430,-3,2000,-0.026359964,0.002813747,0.415029202,-0.00235423,-0.029328409,-0.002098288,2.75,2.308382,3.63385,-0.4028781,5.367717,-5.770595,5.569156,-0.6627342,-0.4126839,0.1266,-0.3493839,0.4759839
5_1440.0_-3,5,1440,-3,2000,-0.030971051,0.0095109,0.489503156,-0.002315858,-0.034206062,-0.001628284,3,2.457903,3.429547,-0.3942977,5.25755,-5.651847,5.454698,-0.4858218,-0.3400416,0.0273505,-0.3263663,0.3537168
5_1500.0_-3,5,1500,-3,2000,-0.015906441,-0.008864279,0.284554637,-0.002309362,-0.021766344,-0.00321674,2.5,1.388274,3.546858,-0.3087538,4.85694,-5.165693,5.011317,-1.079292,-0.4879764,0.3677308,-0.304111,0.6718418
5_1540.0_-3,5,1540,-3,2000,-0.01788884,-0.007311201,0.332666107,-0.002397499,-0.025219144,-0.003184069,2.75,1.484001,3.283019,-0.2844287,4.653724,-4.938153,4.795938,-0.8995088,-0.4181436,0.2907984,-0.2727444,0.5635428
5_1560.0_-3,5,1560,-3,2000,-0.032404919,0.003037062,0.502360133,-0.002836019,-0.035378671,-0.00258478,3,2.352234,3.689309,-0.4149886,5.434794,-5.849783,5.642288,-0.6685376,-0.4190578,0.125304,-0.3564058,0.4817098
5_1650.0_-3,5,1650,-3,2000,-0.019225908,-0.010945577,0.344353562,-0.002763407,-0.026318152,-0.003921601,2.75,1.394876,3.539079,-0.3075147,4.851473,-5.158988,5.005231,-1.072102,-0.4835836,0.363104,-0.3020316,0.6651356
5_1680.0_-3,5,1680,-3,2000,-0.021330928,-0.008842018,0.396546134,-0.002819078,-0.03001625,-0.003810941,3,1.493712,3.279548,-0.2842101,4.652314,-4.936524,4.794419,-0.892918,-0.4138745,0.2863773,-0.2706858,0.5570631
5_1800.0_-3,5,1800,-3,2000,-0.022866643,-0.013236408,0.409896222,-0.003253716,-0.031301965,-0.004694851,3,1.401209,3.532283,-0.3064982,4.846895,-5.153393,5.000144,-1.065537,-0.4792814,0.3589402,-0.2998113,0.6587515
