Case,Cone_Angle,Omega_RPM,Pitch_Angle,Vz_ms,Avg_Fpx,Avg_Fpy,Avg_Fpz,Avg_Mpx,Avg_Mpy,Avg_Mpz
12_660_-5,12,660,-5,1,-0.009437748,-0.001261565,0.048947337,-0.000924342,-0.003699969,-0.000748067
12_660_-3,12,660,-3,1,-0.010550338,-0.002307732,0.052249599,-0.000960788,-0.004329016,-0.00083905
12_660_-1,12,660,-1,1,-0.012334886,-0.003545958,0.058280445,-0.001037408,-0.005123651,-0.000966485
12_660_-5,12,660,-5,2,-0.024620229,0.008648065,0.147981973,-0.001155486,-0.010539048,0.00017395
12_660_-3,12,660,-3,2,-0.023291463,0.004256951,0.145328837,-0.001254247,-0.010835571,-0.000139868
12_660_-1,12,660,-1,2,-0.013939931,-0.001591698,0.101081399,-0.001553301,-0.009347029,-0.000809655
12_660_-5,12,660,-5,3,-0.042754258,0.024943333,0.266167264,-0.001858465,-0.018387904,0.001413595
12_660_-3,12,660,-3,3,-0.048256074,0.020942518,0.29495923,-0.00208861,-0.021023326,0.001086981
12_660_-1,12,660,-1,3,-0.05319932,0.015397936,0.324886439,-0.002372235,-0.02364338,0.000591721
10_660_-5,10,660,-5,1,-0.007290654,-0.001207456,0.048526105,-0.000811476,-0.003597234,-0.000675022
10_660_-3,10,660,-3,1,-0.007999444,-0.002112817,0.050940592,-0.000833875,-0.004179208,-0.000744501
10_660_-1,10,660,-1,1,-0.009578089,-0.003153653,0.056033965,-0.000890117,-0.004927014,-0.000862987
10_660_-5,10,660,-5,2,-0.018504201,0.00831072,0.141305369,-0.000986669,-0.009983694,0.000193634
10_660_-3,10,660,-3,2,-0.020565597,0.007256212,0.159693315,-0.001120461,-0.011643727,0.000144491
10_660_-1,10,660,-1,2,-0.017190586,0.001368826,0.141190015,-0.001231312,-0.011180862,-0.000357801
10_660_-5,10,660,-5,3,-0.03416337,0.024892566,0.262757756,-0.001639478,-0.018085201,0.001469934
10_660_-3,10,660,-3,3,-0.0381417,0.020808368,0.291038716,-0.001870001,-0.020681219,0.001138638
10_660_-1,10,660,-1,3,-0.042067143,0.015611164,0.319529258,-0.002131296,-0.023226422,0.00068859
8_660_-5,8,660,-5,1,-0.005298444,-0.001303715,0.047937177,-0.000687989,-0.003450308,-0.00064448
8_660_-3,8,660,-3,1,-0.005816512,-0.001826767,0.049874224,-0.000695556,-0.004011934,-0.000665543
8_660_-1,8,660,-1,1,-0.007182077,-0.002694874,0.054145779,-0.000738911,-0.004746637,-0.000773687
8_660_-5,8,660,-5,2,-0.013064923,0.008298823,0.135420915,-0.000826565,-0.009496929,0.000215508
8_660_-3,8,660,-3,2,-0.014318887,0.007200841,0.153955674,-0.000919018,-0.011173212,0.000178961
8_660_-1,8,660,-1,2,-0.01124379,0.001309405,0.130095468,-0.001114214,-0.010663364,-0.000355739
8_660_-5,8,660,-5,3,-0.025617525,0.02491552,0.258840402,-0.001437242,-0.017783042,0.001495424
8_660_-3,8,660,-3,3,-0.028151398,0.021099059,0.285480462,-0.001629251,-0.020212099,0.001209232
8_660_-1,8,660,-1,3,-0.03082646,0.016131897,0.312983825,-0.001881625,-0.022690571,0.000788075
6_660_-5,6,660,-5,1,-0.003465495,-0.001580105,0.04666726,-0.000564717,-0.003265833,-0.0006404
6_660_-3,6,660,-3,1,-0.00393224,-0.001615862,0.04974598,-0.000552166,-0.003880936,-0.000611117
6_660_-1,6,660,-1,1,-0.004726348,-0.002421453,0.051667272,-0.000580296,-0.004497137,-0.00070187
6_660_-5,6,660,-5,2,-0.008210842,0.008332979,0.130088774,-0.000666599,-0.009060366,0.000230512
6_660_-3,6,660,-3,2,-0.008833383,0.007732214,0.147695556,-0.000747047,-0.010713226,0.000226715
6_660_-1,6,660,-1,2,-0.008784631,0.004264951,0.150461833,-0.000878225,-0.011530014,-5.84E-05
6_660_-5,6,660,-5,3,-0.017371527,0.024714517,0.254439899,-0.001250988,-0.01744572,0.001509458
6_660_-3,6,660,-3,3,-0.019056566,0.021151473,0.280069072,-0.001403959,-0.019810246,0.001236595
6_660_-1,6,660,-1,3,-0.021026173,0.016945347,0.308171996,-0.001691659,-0.022380398,0.00088341
4_660_-5,4,660,-5,1,-0.001532641,-0.001854302,0.043030003,-0.000423644,-0.002959069,-0.000658162
4_660_-5,4,660,-5,2,-0.003590294,0.008193114,0.123902236,-0.000479068,-0.008536781,0.000206823
4_660_-5,4,660,-5,3,-0.009701575,0.024561583,0.248834948,-0.001035373,-0.017038062,0.001482762
4_660_-3,4,660,-3,1,-0.002053747,-0.001597793,0.049229278,-0.000390193,-0.003706155,-0.000579623
4_660_-3,4,660,-3,2,-0.003415277,0.00771587,0.140654111,-0.000539239,-0.010123644,0.00023387
4_660_-3,4,660,-3,3,-0.010422282,0.021467485,0.273817119,-0.001176095,-0.019347422,0.001268771
4_660_-1,4,660,-1,1,-0.002598992,-0.002165366,0.050626288,-0.000392083,-0.004302034,-0.000618541
4_660_-1,4,660,-1,2,-0.004332438,0.00594204,0.157464358,-0.000670756,-0.011807748,9.81E-05
4_660_-1,4,660,-1,3,-0.011321106,0.017778902,0.300373309,-0.001422396,-0.021789915,0.00097867
12_630_-5,12,630,-5,1,-0.008744815,-0.000951188,0.04606602,-0.000850693,-0.003527502,-0.000658501
12_630_-3,12,630,-3,1,-0.009485135,-0.001929977,0.048039049,-0.000886429,-0.004063466,-0.000749368
12_630_-1,12,630,-1,1,-0.010919401,-0.003017069,0.052723869,-0.000960829,-0.00475912,-0.000871542
12_630_-5,12,630,-5,2,-0.023171189,0.008705988,0.140807535,-0.001095704,-0.010005633,0.000233394
12_630_-3,12,630,-3,2,-0.025721311,0.007442997,0.15934412,-0.001226715,-0.011674467,0.000161181
12_630_-1,12,630,-1,2,-0.021531655,0.001372202,0.139906042,-0.001348872,-0.011047208,-0.000363763
12_630_-5,12,630,-5,3,-0.043574015,0.025530334,0.2644236,-0.00181316,-0.01822651,0.001462807
12_630_-3,12,630,-3,3,-0.048308955,0.021626528,0.293206951,-0.00205765,-0.02068648,0.001141994
12_630_-1,12,630,-1,3,-0.054628227,0.019419664,0.331453805,-0.002405685,-0.023544011,0.000629804
10_630_-5,10,630,-5,1,-0.006802344,-0.000968256,0.045929373,-0.000745766,-0.003432645,-0.000599192
10_630_-3,10,630,-3,1,-0.00719717,-0.001769692,0.047145634,-0.000771782,-0.003931132,-0.000663334
10_630_-1,10,630,-1,1,-0.008386189,-0.002685314,0.050604796,-0.000829846,-0.004566455,-0.000776601
10_630_-5,10,630,-5,2,-0.017645363,0.008644479,0.136047302,-0.000937323,-0.009583937,0.000270076
10_630_-3,10,630,-3,2,-0.019502963,0.007721924,0.153731162,-0.001068775,-0.011211282,0.000225754
10_630_-1,10,630,-1,2,-0.022571826,0.005501704,0.177035728,-0.001219822,-0.013230488,3.60E-05
10_630_-5,10,630,-5,3,-0.034508647,0.025286973,0.260468779,-0.001612216,-0.017865306,0.001511512
10_630_-3,10,630,-3,3,-0.038059702,0.021324296,0.287830214,-0.001854139,-0.020303785,0.001200366
10_630_-1,10,630,-1,3,-0.04224665,0.016744364,0.318477796,-0.002138275,-0.02281812,0.000772197
8_630_-5,8,630,-5,1,-0.005002728,-0.001055848,0.045751468,-0.000630033,-0.003306642,-0.00057186
8_630_-3,8,630,-3,1,-0.00526939,-0.001552753,0.04663509,-0.000644417,-0.003798016,-0.000593823
8_630_-1,8,630,-1,1,-0.006273399,-0.002322177,0.049422859,-0.00069287,-0.004423299,-0.000695155
8_630_-5,8,630,-5,2,-0.012573893,0.008774635,0.131483853,-0.000788718,-0.009194068,0.000302009
8_630_-3,8,630,-3,2,-0.01366286,0.007615028,0.14857322,-0.000883945,-0.010761739,0.000253821
8_630_-1,8,630,-1,2,-0.016120517,0.005899419,0.170979735,-0.001045415,-0.012750525,8.90E-05
8_630_-5,8,630,-5,3,-0.026044611,0.025194003,0.256699119,-0.001419708,-0.017574846,0.001530553
8_630_-3,8,630,-3,3,-0.028114873,0.021493313,0.281890327,-0.001628264,-0.019831576,0.001263685
8_630_-1,8,630,-1,3,-0.030769389,0.016673577,0.309142476,-0.001886982,-0.022198187,0.000862215
6_630_-5,6,630,-5,1,-0.00334947,-0.001226488,0.045105787,-0.000515011,-0.003157845,-0.000562824
6_630_-3,6,630,-3,1,-0.003616761,-0.001369237,0.04706107,-0.000509595,-0.003697826,-0.000546802
6_630_-1,6,630,-1,1,-0.004110883,-0.002116913,0.047750993,-0.000546371,-0.004220234,-0.000631205
6_630_-5,6,630,-5,2,-0.007916848,0.00887868,0.126883569,-0.000639468,-0.008815812,0.000319324
6_630_-3,6,630,-3,2,-0.008486807,0.008136509,0.143557997,-0.000725374,-0.010383317,0.000300649
6_630_-1,6,630,-1,2,-0.009877446,0.006285949,0.163329335,-0.000871822,-0.012203868,0.000141653
6_630_-5,6,630,-5,3,-0.017955081,0.024910495,0.252678132,-0.001243652,-0.017272563,0.001539209
6_630_-3,6,630,-3,3,-0.019187456,0.02150467,0.27669819,-0.001419698,-0.019454931,0.001293266
6_630_-1,6,630,-1,3,-0.021091524,0.017281442,0.303816225,-0.001703992,-0.0218793,0.000950388
4_630_-5,4,630,-5,1,-0.001561832,-0.001405903,0.042147947,-0.000383698,-0.002896727,-0.000572413
4_630_-5,4,630,-5,2,-0.003475162,0.008753347,0.121430262,-0.000467287,-0.008356302,0.000297621
4_630_-5,4,630,-5,3,-0.010355524,0.024803198,0.247347415,-0.001045973,-0.016889106,0.001525729
4_630_-3,4,630,-3,1,-0.001901434,-0.001304017,0.046982724,-0.000357006,-0.003547768,-0.000512995
4_630_-3,4,630,-3,2,-0.003290338,0.008157778,0.137314009,-0.000534486,-0.009861955,0.000309148
4_630_-3,4,630,-3,3,-0.01075644,0.021749007,0.270903584,-0.001204575,-0.019039578,0.001322024
4_630_-1,4,630,-1,1,-0.002289464,-0.001930067,0.04757166,-0.000370274,-0.004080902,-0.00055799
4_630_-1,4,630,-1,2,-0.00443627,0.006654387,0.157241976,-0.000663083,-0.011745823,0.00018166
4_630_-1,4,630,-1,3,-0.011575046,0.017986204,0.296202158,-0.001449315,-0.021326839,0.00103349
12_600_-5,12,600,-5,1,-0.008015484,-0.000692797,0.043146613,-0.00078113,-0.003345536,-0.000576552
12_600_-3,12,600,-3,1,-0.008378096,-0.001601661,0.043810373,-0.000817573,-0.003785882,-0.000665062
12_600_-1,12,600,-1,1,-0.009456742,-0.002543561,0.046943515,-0.000889987,-0.004365417,-0.000783141
12_600_-5,12,600,-5,2,-0.022208206,0.009161813,0.13607225,-0.001039887,-0.009627822,0.000319599
12_600_-3,12,600,-3,2,-0.024460628,0.007749275,0.152541778,-0.001173817,-0.011145037,0.000229967
12_600_-1,12,600,-1,2,-0.027694729,0.005424109,0.173574408,-0.001331293,-0.012983643,2.27E-05
12_600_-5,12,600,-5,3,-0.0447856,0.027312376,0.26966711,-0.001822621,-0.018252309,0.001519503
12_600_-3,12,600,-3,3,-0.04999832,0.025457756,0.300655557,-0.002103023,-0.020719397,0.001170251
12_600_-1,12,600,-1,3,-0.054817214,0.019913043,0.327321273,-0.002458494,-0.022929758,0.000660373
10_600_-5,10,600,-5,1,-0.006339107,-0.000762866,0.043554994,-0.000682036,-0.003274956,-0.000529025
10_600_-3,10,600,-3,1,-0.00645039,-0.001453331,0.043730989,-0.000712278,-0.003697738,-0.000588066
10_600_-1,10,600,-1,1,-0.007261682,-0.002293148,0.045661142,-0.000773854,-0.004215814,-0.000696598
10_600_-5,10,600,-5,2,-0.016997042,0.009166551,0.1320433,-0.000892085,-0.009263878,0.000358008
10_600_-3,10,600,-3,2,-0.018740899,0.008174288,0.148531241,-0.001028364,-0.010793178,0.000300388
10_600_-1,10,600,-1,2,-0.021527137,0.005576317,0.168542194,-0.001163191,-0.012609135,7.35E-05
10_600_-5,10,600,-5,3,-0.034680452,0.025756884,0.258541429,-0.001603898,-0.017613422,0.001558692
10_600_-3,10,600,-3,3,-0.039414739,0.024584359,0.29559447,-0.001913084,-0.020343265,0.00125644
10_600_-1,10,600,-1,3,-0.043335104,0.020034076,0.321389253,-0.002219252,-0.022552036,0.00076907
8_600_-5,8,600,-5,1,-0.004729186,-0.000810952,0.043794362,-0.000574368,-0.003174461,-0.000502044
8_600_-3,8,600,-3,1,-0.004788199,-0.001317895,0.043956518,-0.000595453,-0.003609784,-0.0005266
8_600_-1,8,600,-1,1,-0.005450399,-0.002018211,0.0453991,-0.000649541,-0.004126313,-0.000622352
8_600_-5,8,600,-5,2,-0.012138629,0.009259453,0.128009533,-0.000753838,-0.008919835,0.000384905
8_600_-3,8,600,-3,2,-0.01323004,0.008075373,0.144262026,-0.000855766,-0.010414458,0.0003268
8_600_-1,8,600,-1,2,-0.015299783,0.00590139,0.162920379,-0.000996042,-0.012167197,0.000120355
8_600_-5,8,600,-5,3,-0.026247775,0.025533388,0.254635435,-0.001421359,-0.017321789,0.001575842
8_600_-3,8,600,-3,3,-0.028334781,0.022039765,0.280257117,-0.001648061,-0.01949906,0.00132432
8_600_-1,8,600,-1,3,-0.032161314,0.020145489,0.315966279,-0.002001679,-0.022133659,0.000879782
6_600_-5,6,600,-5,1,-0.003258614,-0.000869152,0.043831299,-0.000467453,-0.003069141,-0.000486103
6_600_-3,6,600,-3,1,-0.003347581,-0.001128894,0.044851451,-0.000466939,-0.003537202,-0.000484608
6_600_-1,6,600,-1,1,-0.003605858,-0.001869695,0.044753541,-0.000512003,-0.003986333,-0.000565534
6_600_-5,6,600,-5,2,-0.007650295,0.009381556,0.123875794,-0.000615417,-0.008583273,0.000401447
6_600_-3,6,600,-3,2,-0.008222214,0.008502893,0.139803641,-0.000706931,-0.010081471,0.000366398
6_600_-1,6,600,-1,2,-0.009674472,0.006497723,0.158058903,-0.000844415,-0.011806041,0.000185818
6_600_-5,6,600,-5,3,-0.018289163,0.025212716,0.250812914,-0.00125692,-0.017048099,0.001584489
6_600_-3,6,600,-3,3,-0.019425474,0.021876979,0.274267712,-0.001450081,-0.019107816,0.001354914
6_600_-1,6,600,-1,3,-0.021620283,0.017934504,0.303349548,-0.001741546,-0.021493901,0.001024081
4_600_-5,4,600,-5,1,-0.001590176,-0.000951643,0.041409339,-0.00034517,-0.002844989,-0.00048928
4_600_-5,4,600,-5,2,-0.003365065,0.009277873,0.119056829,-0.000459241,-0.008180741,0.000382996
4_600_-5,4,600,-5,3,-0.010881012,0.025078071,0.24578625,-0.001068803,-0.016699691,0.001572826
4_600_-3,4,600,-3,1,-0.00176276,-0.001006297,0.04504832,-0.000325009,-0.003408418,-0.000447833
4_600_-3,4,600,-3,2,-0.003267308,0.008550034,0.134293596,-0.000534078,-0.009627724,0.000374374
4_600_-3,4,600,-3,3,-0.011124616,0.022004861,0.268402346,-0.001240965,-0.018715584,0.001374533
4_600_-1,4,600,-1,1,-0.00205411,-0.001699047,0.045353326,-0.000347258,-0.003902097,-0.00049878
4_600_-1,4,600,-1,2,-0.004466668,0.006820333,0.15264525,-0.000645521,-0.011375235,0.000222867
4_600_-1,4,600,-1,3,-0.011937354,0.018124621,0.292793976,-0.001487454,-0.020857446,0.001090615
12_570_-5,12,570,-5,1,-0.007285175,-0.000505841,0.040262426,-0.000714593,-0.003151939,-0.000504788
12_570_-3,12,570,-3,1,-0.007206729,-0.001326183,0.039342392,-0.000753453,-0.003486564,-0.000587841
12_570_-1,12,570,-1,1,-0.007940703,-0.002129322,0.040729641,-0.000822436,-0.003942031,-0.00070053
12_570_-5,12,570,-5,2,-0.021308868,0.009603802,0.131449297,-0.000988899,-0.009257942,0.000400578
12_570_-3,12,570,-3,2,-0.023498634,0.008138601,0.146898412,-0.001124396,-0.010695498,0.000298288
12_570_-1,12,570,-1,2,-0.026327569,0.005470883,0.16516383,-0.001266811,-0.012347576,5.78E-05
12_570_-5,12,570,-5,3,-0.045995141,0.030124248,0.272836592,-0.001849621,-0.018223045,0.001559635
12_570_-3,12,570,-3,3,-0.049453833,0.025865254,0.293644649,-0.002114382,-0.020118496,0.001176903
12_570_-1,12,570,-1,3,-0.054037751,0.019323936,0.318831118,-0.002444427,-0.022072478,0.000705488
10_570_-5,10,570,-5,1,-0.005948672,-0.000566147,0.041609213,-0.000619794,-0.003130989,-0.000461878
10_570_-3,10,570,-3,1,-0.005785156,-0.00120522,0.040795653,-0.000655078,-0.003482184,-0.000518255
10_570_-1,10,570,-1,1,-0.006301557,-0.001980525,0.041492215,-0.000718502,-0.003902719,-0.000622286
10_570_-5,10,570,-5,2,-0.016372385,0.009639612,0.12802271,-0.000851949,-0.008942763,0.000438551
10_570_-3,10,570,-3,2,-0.01809505,0.008508024,0.143777539,-0.000991518,-0.010408163,0.000363052
10_570_-1,10,570,-1,2,-0.020918478,0.005622985,0.16163616,-0.001107196,-0.012079719,0.000103338
10_570_-5,10,570,-5,3,-0.036680161,0.029814588,0.270801257,-0.001696711,-0.017973158,0.001631863
10_570_-3,10,570,-3,3,-0.039552475,0.025312223,0.291655467,-0.001935592,-0.019855127,0.00127563
10_570_-1,10,570,-1,3,-0.042673148,0.020728212,0.313678019,-0.002217098,-0.021841821,0.000807544
8_570_-5,8,570,-5,1,-0.00450574,-0.00054781,0.042206519,-0.000520664,-0.00305909,-0.000433335
8_570_-3,8,570,-3,1,-0.004374131,-0.001098275,0.0416706,-0.000546918,-0.00343885,-0.000462972
8_570_-1,8,570,-1,1,-0.00478571,-0.001766982,0.042112555,-0.000605325,-0.003871516,-0.000555077
8_570_-5,8,570,-5,2,-0.01171583,0.009749607,0.124573209,-0.000723321,-0.008648784,0.000460254
8_570_-3,8,570,-3,2,-0.012868548,0.008437633,0.140131529,-0.000831466,-0.010085707,0.000387025
8_570_-1,8,570,-1,2,-0.014979417,0.006019214,0.158210227,-0.000952702,-0.011771231,0.000156333
8_570_-5,8,570,-5,3,-0.027137246,0.027323932,0.260756621,-0.001490612,-0.017357752,0.001646794
8_570_-3,8,570,-3,3,-0.029902712,0.025397049,0.289473457,-0.001776457,-0.019592131,0.001361276
8_570_-1,8,570,-1,3,-0.032025707,0.020238724,0.308404625,-0.00201407,-0.021377048,0.000903367
6_570_-5,6,570,-5,1,-0.003222422,-0.000472692,0.043066036,-0.000422209,-0.00301182,-0.000408136
6_570_-3,6,570,-3,1,-0.003133268,-0.000867111,0.043150044,-0.000425472,-0.003398396,-0.000421752
6_570_-1,6,570,-1,1,-0.003227073,-0.001640394,0.042405499,-0.000477731,-0.003793311,-0.000503507
6_570_-5,6,570,-5,2,-0.007381393,0.009817381,0.120925641,-0.000597136,-0.008352422,0.000477607
6_570_-3,6,570,-3,2,-0.008063142,0.008716366,0.136253183,-0.000689488,-0.009799511,0.000413262
6_570_-1,6,570,-1,2,-0.009707966,0.006651224,0.154012829,-0.000815921,-0.011464859,0.000221661
6_570_-5,6,570,-5,3,-0.018756347,0.025676202,0.251018331,-0.001296431,-0.016855144,0.001643576
6_570_-3,6,570,-3,3,-0.020729769,0.024791179,0.284152995,-0.001576492,-0.019239493,0.001416676
6_570_-1,6,570,-1,3,-0.022778927,0.020126757,0.308115788,-0.001875102,-0.021283925,0.001029051
4_570_-5,4,570,-5,1,-0.00161342,-0.000491268,0.040778709,-0.000308444,-0.002801097,-0.000408605
4_570_-5,4,570,-5,2,-0.00326633,0.009675469,0.116746238,-0.000456228,-0.0080081,0.000455257
4_570_-5,4,570,-5,3,-0.011381941,0.025399252,0.245094929,-0.001109323,-0.016507609,0.001626553
4_570_-3,4,570,-3,1,-0.001647945,-0.000691685,0.043542567,-0.000294324,-0.003290364,-0.000383083
4_570_-3,4,570,-3,2,-0.003374971,0.008811723,0.13146211,-0.000535313,-0.009410845,0.000422691
4_570_-3,4,570,-3,3,-0.01182533,0.022329523,0.268984193,-0.001299168,-0.018460829,0.001436734
4_570_-1,4,570,-1,1,-0.001875605,-0.001452985,0.043660526,-0.000322517,-0.003753106,-0.000439525
4_570_-1,4,570,-1,2,-0.004598537,0.00698655,0.148724725,-0.000631274,-0.011044604,0.000262369
4_570_-1,4,570,-1,3,-0.012787061,0.019903438,0.297404472,-0.001593075,-0.020732564,0.001132626
12_540_-5,12,540,-5,1,-0.006625373,-0.000377485,0.037592814,-0.000644424,-0.002938884,-0.000440287
12_540_-3,12,540,-3,1,-0.005881568,-0.001115717,0.033895637,-0.000689376,-0.003121447,-0.000520418
12_540_-1,12,540,-1,1,-0.006065207,-0.001716945,0.032172342,-0.00075471,-0.003401771,-0.000621822
12_540_-5,12,540,-5,2,-0.020536993,0.010075673,0.127395913,-0.000943835,-0.008928543,0.000479331
12_540_-3,12,540,-3,2,-0.022722177,0.008470246,0.142173138,-0.001078061,-0.010307387,0.000358377
12_540_-1,12,540,-1,2,-0.025457621,0.005568351,0.158413334,-0.00120529,-0.011818392,9.32E-05
12_540_-5,12,540,-5,3,-0.045453914,0.030243773,0.266239569,-0.001844165,-0.017688067,0.001562878
12_540_-3,12,540,-3,3,-0.048484287,0.025955125,0.285068303,-0.002090135,-0.019402863,0.001189329
12_540_-1,12,540,-1,3,-0.052202373,0.020533423,0.307870564,-0.002367368,-0.02124099,0.000759205
10_540_-5,10,540,-5,1,-0.005659434,-0.000346977,0.040169378,-0.000557646,-0.003002305,-0.000394835
10_540_-3,10,540,-3,1,-0.005159489,-0.001003826,0.037952693,-0.000599288,-0.003263724,-0.00045391
10_540_-1,10,540,-1,1,-0.005369327,-0.001693042,0.037002997,-0.000663505,-0.003586817,-0.000552434
10_540_-5,10,540,-5,2,-0.015813681,0.010089558,0.124444354,-0.000818122,-0.008653807,0.000512929
10_540_-3,10,540,-3,2,-0.017559241,0.008567972,0.139617806,-0.000951849,-0.010073024,0.00039509
10_540_-1,10,540,-1,2,-0.020420159,0.005750235,0.156338844,-0.001055456,-0.011640019,0.000136432
10_540_-5,10,540,-5,3,-0.036535298,0.02984537,0.264819263,-0.001703075,-0.017460836,0.00163335
10_540_-3,10,540,-3,3,-0.039125419,0.025338746,0.284233488,-0.001937662,-0.019180726,0.001290267
10_540_-1,10,540,-1,3,-0.042016872,0.020696945,0.303604256,-0.002218368,-0.020949826,0.000820799
8_540_-5,8,540,-5,1,-0.00446596,-0.000188919,0.041774296,-0.000468141,-0.003001188,-0.000359112
8_540_-3,8,540,-3,1,-0.004027503,-0.000883207,0.039697784,-0.000497608,-0.003277392,-0.000402504
8_540_-1,8,540,-1,1,-0.004251083,-0.001537109,0.039291108,-0.000559604,-0.003651622,-0.000490951
8_540_-5,8,540,-5,2,-0.011326761,0.010153097,0.121397497,-0.000699127,-0.008395861,0.000530373
8_540_-3,8,540,-3,2,-0.012673988,0.008672721,0.136497017,-0.00080552,-0.009802337,0.000430056
8_540_-1,8,540,-1,2,-0.014684193,0.006130054,0.152688937,-0.000912732,-0.011326852,0.00019232
8_540_-5,8,540,-5,3,-0.028108726,0.029719689,0.262721923,-0.001569036,-0.017271844,0.001666374
8_540_-3,8,540,-3,3,-0.02980416,0.025313739,0.282058694,-0.001787006,-0.01893523,0.001369844
8_540_-1,8,540,-1,3,-0.03177074,0.020074386,0.299832844,-0.002018509,-0.020544704,0.000932066
6_540_-5,6,540,-5,1,-0.003293494,2.86E-05,0.043238397,-0.000380228,-0.003012962,-0.000325031
6_540_-3,6,540,-3,1,-0.002983226,-0.00057141,0.041993861,-0.000384897,-0.003282391,-0.000357101
6_540_-1,6,540,-1,1,-0.002985559,-0.00139641,0.040822585,-0.000441164,-0.003645592,-0.000441223
6_540_-5,6,540,-5,2,-0.007116514,0.010143041,0.118221833,-0.000585851,-0.008140214,0.000541891
6_540_-3,6,540,-3,2,-0.008201575,0.00879383,0.133314849,-0.000669081,-0.009573369,0.000441527
6_540_-1,6,540,-1,2,-0.009723854,0.006716118,0.149452424,-0.000788706,-0.011094318,0.000250243
6_540_-5,6,540,-5,3,-0.019946314,0.029245477,0.259505375,-0.001419601,-0.017069163,0.00169292
6_540_-3,6,540,-3,3,-0.021130796,0.025239201,0.279316475,-0.00163498,-0.018722325,0.00141985
6_540_-1,6,540,-1,3,-0.022880664,0.019960929,0.299686755,-0.001891749,-0.020499201,0.001044711
4_540_-5,4,540,-5,1,-0.001626493,-2.84E-05,0.040212807,-0.000273732,-0.002762411,-0.000330142
4_540_-5,4,540,-5,2,-0.003265562,0.009977287,0.11472956,-0.000457873,-0.007861053,0.00051375
4_540_-5,4,540,-5,3,-0.012356603,0.028294282,0.255270622,-0.001246242,-0.016773583,0.001707886
4_540_-3,4,540,-3,1,-0.001590119,-0.000318083,0.042862225,-0.000264311,-0.003211022,-0.000315611
4_540_-3,4,540,-3,2,-0.003655104,0.008958878,0.128968882,-0.00053396,-0.009220981,0.000456966
4_540_-3,4,540,-3,3,-0.012819218,0.02527992,0.274719839,-0.001437424,-0.018480934,0.001449089
4_540_-1,4,540,-1,1,-0.001716369,-0.001169626,0.042303377,-0.000297887,-0.003621948,-0.000379477
4_540_-1,4,540,-1,2,-0.004798623,0.007129702,0.144821275,-0.000622757,-0.010716931,0.000297849
4_540_-1,4,540,-1,3,-0.013643915,0.020275079,0.295468889,-0.001700091,-0.0202059,0.001129272
12_480_-5,12,480,-5,1,-0.018130527,0.000414555,0.085786983,-0.001209277,-0.00612555,-0.000563574
12_480_-3,12,480,-3,1,-0.013910347,-0.000411934,0.06952593,-0.000839153,-0.005195114,-0.000423217
12_480_-1,12,480,-1,1,-0.014484001,-0.00230009,0.071718985,-0.000863489,-0.005559494,-0.000576472
12_480_-5,12,480,-5,2,-0.019334016,0.010647975,0.121150812,-0.000870576,-0.008411423,0.000580974
12_480_-3,12,480,-3,2,-0.021960987,0.008855436,0.13506759,-0.00098218,-0.009716752,0.000430199
12_480_-1,12,480,-1,2,-0.024468122,0.006092132,0.14915545,-0.001095925,-0.01101006,0.000181348
12_480_-5,12,480,-5,3,-0.044416469,0.030049566,0.252323529,-0.001847909,-0.016471951,0.001540948
12_480_-3,12,480,-3,3,-0.046591311,0.025494732,0.266744153,-0.002059912,-0.017807273,0.001181824
12_480_-1,12,480,-1,3,-0.050165831,0.019888653,0.282858949,-0.002308286,-0.019040136,0.000716452
10_480_-5,10,480,-5,1,-0.009262713,0.000993913,0.057162619,-0.000559055,-0.003927525,-0.000268158
10_480_-3,10,480,-3,1,-0.0076089,0.000182046,0.051329048,-0.000501206,-0.003783429,-0.000254859
10_480_-1,10,480,-1,1,-0.00219592,-0.001034669,0.018403751,-0.000508626,-0.002332076,-0.00040965
10_480_-5,10,480,-5,2,-0.015082385,0.010639827,0.119099149,-0.000766945,-0.008223701,0.00060805
10_480_-3,10,480,-3,2,-0.017401546,0.008811838,0.133346469,-0.000868708,-0.009563243,0.00045048
10_480_-1,10,480,-1,2,-0.019418395,0.006269408,0.147133937,-0.000976768,-0.010827806,0.000224874
10_480_-5,10,480,-5,3,-0.035949498,0.029749883,0.250911568,-0.00173291,-0.016302354,0.001600989
10_480_-3,10,480,-3,3,-0.037987229,0.025322214,0.267201835,-0.001937487,-0.017721671,0.001280024
10_480_-1,10,480,-1,3,-0.040335491,0.020168653,0.281310301,-0.002159049,-0.018990797,0.000834733
8_480_-5,8,480,-5,1,-0.005694823,0.001516781,0.048878649,-0.000389348,-0.003359631,-0.00015163
8_480_-3,8,480,-3,1,-0.003764091,-0.000304249,0.038006925,-0.000388071,-0.002994532,-0.000270175
8_480_-1,8,480,-1,1,-0.003204586,-0.001068957,0.03273734,-0.000469816,-0.003146648,-0.00037373
8_480_-5,8,480,-5,2,-0.011088487,0.010688243,0.117019794,-0.000667089,-0.008060932,0.00061952
8_480_-3,8,480,-3,2,-0.012890576,0.008946836,0.130762731,-0.0007434,-0.009341434,0.000482371
8_480_-1,8,480,-1,2,-0.01419982,0.006595311,0.144151381,-0.000855351,-0.010574598,0.000276199
8_480_-5,8,480,-5,3,-0.027906469,0.029709656,0.248963648,-0.001612886,-0.016176968,0.001633247
8_480_-3,8,480,-3,3,-0.029228067,0.025357646,0.265542464,-0.001798225,-0.017541386,0.001357051
8_480_-1,8,480,-1,3,-0.030818143,0.020395061,0.279107821,-0.002019759,-0.018825355,0.000930043
6_480_-5,6,480,-5,1,-0.003382241,0.001128792,0.043479968,-0.000298801,-0.003014566,-0.000160342
6_480_-3,6,480,-3,1,-0.003364494,0.000524602,0.045312697,-0.000306229,-0.003337048,-0.000191759
6_480_-1,6,480,-1,1,-0.002411793,-0.000877974,0.036450649,-0.000369114,-0.003272745,-0.000325788
6_480_-5,6,480,-5,2,-0.007285499,0.01063545,0.114790508,-0.000575244,-0.007890668,0.000625938
6_480_-3,6,480,-3,2,-0.008677764,0.008996562,0.12806299,-0.000626232,-0.009142617,0.00049293
6_480_-1,6,480,-1,2,-0.009634439,0.00701735,0.141662897,-0.000754979,-0.010407291,0.000320462
6_480_-5,6,480,-5,3,-0.020229605,0.029242296,0.246180431,-0.001478288,-0.016018065,0.001663857
6_480_-3,6,480,-3,3,-0.021183182,0.025576241,0.2633309,-0.001670191,-0.01743209,0.001407464
6_480_-1,6,480,-1,3,-0.022262675,0.02088555,0.279837226,-0.001858025,-0.018880084,0.001059897
4_480_-5,4,480,-5,1,-0.001536171,0.000755478,0.038164273,-0.000213044,-0.002627687,-0.000190986
4_480_-5,4,480,-5,2,-0.004030538,0.010543188,0.112323721,-0.000459899,-0.00771565,0.000605765
4_480_-5,4,480,-5,3,-0.013180601,0.02887997,0.244418087,-0.001333042,-0.015894457,0.001692252
4_480_-3,4,480,-3,1,-0.00174845,0.000743214,0.044871117,-0.000214452,-0.003257142,-0.000160343
4_480_-3,4,480,-3,2,-0.004586904,0.009198582,0.124794959,-0.000515884,-0.008888524,0.00051181
4_480_-3,4,480,-3,3,-0.013392765,0.025205568,0.259805876,-0.001503151,-0.017232743,0.00142844
4_480_-1,4,480,-1,1,-0.001390532,-0.000575388,0.039681323,-0.000254803,-0.003349837,-0.000263993
4_480_-1,4,480,-1,2,-0.005104947,0.007453672,0.137837259,-0.000623587,-0.010106831,0.000368435
4_480_-1,4,480,-1,3,-0.013809848,0.021259189,0.277116527,-0.00171834,-0.018736558,0.001135013
12_420_-5,12,420,-5,1,-0.01084948,0.001744261,0.054470149,-0.000471177,-0.003759799,-0.000152976
12_420_-3,12,420,-3,1,-0.04666591,-0.001933591,0.210112162,-0.00353189,-0.014939816,-0.001525142
12_420_-1,12,420,-1,1,-0.029607288,-0.004099405,0.138745231,-0.002140822,-0.01084634,-0.001050917
12_420_-5,12,420,-5,2,-0.019674546,0.011299058,0.117675425,-0.000804025,-0.008120995,0.000644128
12_420_-3,12,420,-3,2,-0.021696183,0.009478786,0.130264446,-0.000910785,-0.009197615,0.000497021
12_420_-1,12,420,-1,2,-0.024479786,0.008380128,0.147112618,-0.001060633,-0.010453777,0.000268649
12_420_-5,12,420,-5,3,-0.042748893,0.028470881,0.233316154,-0.001837414,-0.01487429,0.001433243
12_420_-3,12,420,-3,3,-0.045060194,0.0239217,0.244101714,-0.002003945,-0.01575149,0.001063853
12_420_-1,12,420,-1,3,-0.048057199,0.0185669,0.257994528,-0.00221573,-0.016728463,0.00065285
10_420_-5,10,420,-5,1,-0.007084252,0.002332893,0.047942903,-0.000362215,-0.003340896,-2.30E-05
10_420_-3,10,420,-3,1,-0.012949787,0.000297584,0.075828851,-0.000736949,-0.005307251,-0.000356231
10_420_-1,10,420,-1,1,-0.003901708,-0.001135657,0.029681461,-0.000423233,-0.002540211,-0.000316727
10_420_-5,10,420,-5,2,-0.015618088,0.011197697,0.11596592,-0.000716616,-0.007964567,0.000666706
10_420_-3,10,420,-3,2,-0.017148826,0.00936537,0.127939304,-0.000823021,-0.009031118,0.000524838
10_420_-1,10,420,-1,2,-0.018954758,0.00721334,0.14133847,-0.000946215,-0.010133161,0.000329637
10_420_-5,10,420,-5,3,-0.034923003,0.028502953,0.233268799,-0.001751086,-0.014844514,0.001503982
10_420_-3,10,420,-3,3,-0.036622214,0.023597346,0.244571433,-0.001939999,-0.015822529,0.00116726
10_420_-1,10,420,-1,3,-0.03904297,0.018520079,0.256370457,-0.002110722,-0.016734634,0.000765767
8_420_-5,8,420,-5,1,-0.004642504,0.001884882,0.0426612,-0.000296906,-0.002993839,-4.20E-05
8_420_-3,8,420,-3,1,-0.00606506,0.001496602,0.053113424,-0.00035752,-0.003755323,-8.01E-05
8_420_-1,8,420,-1,1,-0.002542667,-0.000642341,0.028916578,-0.000382282,-0.002740877,-0.000263436
8_420_-5,8,420,-5,2,-0.011839521,0.011117815,0.114236433,-0.000629192,-0.007828375,0.000672514
8_420_-3,8,420,-3,2,-0.012734146,0.009444501,0.125405183,-0.000723757,-0.008828978,0.000550765
8_420_-1,8,420,-1,2,-0.013856506,0.007231029,0.13733268,-0.000837587,-0.00986545,0.00036851
8_420_-5,8,420,-5,3,-0.027621002,0.028617677,0.23301967,-0.001646476,-0.014805329,0.001554998
8_420_-3,8,420,-3,3,-0.028474663,0.023820537,0.244182161,-0.001830367,-0.015795959,0.001261829
8_420_-1,8,420,-1,3,-0.03041588,0.018253433,0.255451478,-0.00201378,-0.016694972,0.000875119
6_420_-5,6,420,-5,1,-0.002829621,0.001560202,0.038620811,-0.000235562,-0.00269835,-5.81E-05
6_420_-3,6,420,-3,1,-0.003429165,0.001710113,0.047091731,-0.000252787,-0.003396933,-3.53E-05
6_420_-1,6,420,-1,1,-0.002147299,-0.000308524,0.035267952,-0.00030273,-0.003031709,-0.000208686
6_420_-5,6,420,-5,2,-0.008243553,0.010976704,0.11246422,-0.000549155,-0.007695466,0.00067441
6_420_-3,6,420,-3,2,-0.00875025,0.009442726,0.123079369,-0.000630683,-0.008660101,0.000565647
6_420_-1,6,420,-1,2,-0.009567333,0.007474846,0.135023972,-0.000754599,-0.009726098,0.000407173
6_420_-5,6,420,-5,3,-0.020536388,0.02839975,0.231521326,-0.001546501,-0.014749081,0.001589427
6_420_-3,6,420,-3,3,-0.02117048,0.024115611,0.244049188,-0.001700619,-0.015788904,0.001330211
6_420_-1,6,420,-1,3,-0.022375489,0.018742048,0.25525332,-0.001888068,-0.01679651,0.000987655
4_420_-5,4,420,-5,1,-0.001318187,0.00131339,0.035015967,-0.000166806,-0.002422325,-7.78E-05
4_420_-5,4,420,-5,2,-0.00489079,0.01091008,0.110135794,-0.000460003,-0.007528515,0.000668324
4_420_-5,4,420,-5,3,-0.013943664,0.028198664,0.230885173,-0.001426456,-0.014723098,0.001625377
4_420_-3,4,420,-3,1,-0.001508968,0.001446248,0.042340753,-0.000176343,-0.003064549,-4.73E-05
4_420_-3,4,420,-3,2,-0.005013088,0.009534555,0.120522743,-0.00053444,-0.008476258,0.00057711
4_420_-3,4,420,-3,3,-0.014062556,0.0241315,0.243185993,-0.001570199,-0.015757662,0.001368349
4_420_-1,4,420,-1,1,-0.001236166,0.000181528,0.039263606,-0.000214446,-0.003164141,-0.000143057
4_420_-1,4,420,-1,2,-0.005356127,0.007756034,0.131728624,-0.000642818,-0.009486094,0.000441778
4_420_-1,4,420,-1,3,-0.014448473,0.019352527,0.254239931,-0.001742182,-0.016754984,0.00106878
12_360_-5,12,360,-5,1,-0.007160769,0.002348417,0.041236329,-0.000331459,-0.002936224,3.44E-05
12_360_-3,12,360,-3,1,-0.008837954,0.002191099,0.050370071,-0.000383299,-0.003608874,1.72E-05
12_360_-1,12,360,-1,1,-0.002581285,-0.000506837,0.019484533,-0.000431982,-0.002111035,-0.000250594
12_360_-5,12,360,-5,2,-0.020425539,0.013351399,0.118408718,-0.000815526,-0.007865368,0.000690014
12_360_-3,12,360,-3,2,-0.021734438,0.011303499,0.126561022,-0.000919144,-0.008608188,0.00052037
12_360_-1,12,360,-1,2,-0.023509681,0.008863584,0.136397087,-0.001052658,-0.009400075,0.000312173
12_360_-5,12,360,-5,3,-0.042612906,0.026981276,0.21451698,-0.001769223,-0.012972953,0.001234929
12_360_-3,12,360,-3,3,-0.044895695,0.022794087,0.226496249,-0.001961524,-0.013773475,0.000904543
12_360_-1,12,360,-1,3,-0.048025019,0.017865232,0.245114947,-0.00221004,-0.015052435,0.000600969
10_360_-5,10,360,-5,1,-0.005304701,0.002147838,0.038540879,-0.000283694,-0.002730579,3.20E-05
10_360_-3,10,360,-3,1,-0.006179957,0.002030456,0.045557563,-0.000317599,-0.00331211,3.02E-05
10_360_-1,10,360,-1,1,-0.003155176,-0.00037762,0.027496639,-0.000375168,-0.002525586,-0.000199907
10_360_-5,10,360,-5,2,-0.016470934,0.013204982,0.117748101,-0.000755395,-0.007763346,0.000719145
10_360_-3,10,360,-3,2,-0.017632448,0.011109876,0.12648797,-0.000858288,-0.008526472,0.000566156
10_360_-1,10,360,-1,2,-0.018820741,0.008945553,0.134641725,-0.000971701,-0.009290703,0.000353609
10_360_-5,10,360,-5,3,-0.035098246,0.026312169,0.214728774,-0.00172018,-0.013035588,0.001323011
10_360_-3,10,360,-3,3,-0.036961458,0.02197545,0.225330642,-0.001869387,-0.01378989,0.001013579
10_360_-1,10,360,-1,3,-0.038527408,0.017004019,0.236383105,-0.002085938,-0.014609104,0.000646254
8_360_-5,8,360,-5,1,-0.003713182,0.001980604,0.036130296,-0.00023754,-0.002544904,2.69E-05
8_360_-3,8,360,-3,1,-0.004188141,0.001786665,0.042206918,-0.000260885,-0.003069069,2.29E-05
8_360_-1,8,360,-1,1,-0.003021311,5.92E-05,0.033528997,-0.000310986,-0.002808987,-0.0001345
8_360_-5,8,360,-5,2,-0.012676544,0.013128924,0.116610919,-0.000691669,-0.007674204,0.000732781
8_360_-3,8,360,-3,2,-0.013447104,0.01113758,0.125356322,-0.000789397,-0.00841538,0.000599114
8_360_-1,8,360,-1,2,-0.014301064,0.008688789,0.133203966,-0.00089198,-0.009124051,0.000401531
8_360_-5,8,360,-5,3,-0.028080077,0.025673222,0.21361507,-0.001676799,-0.012980616,0.001367723
8_360_-3,8,360,-3,3,-0.029581712,0.021445716,0.225048057,-0.001814545,-0.013821546,0.001100305
8_360_-1,8,360,-1,3,-0.030770996,0.016564115,0.233435122,-0.001985695,-0.014501144,0.000731417
6_360_-5,6,360,-5,1,-0.002379597,0.001940942,0.034254549,-0.000190772,-0.002396149,2.71E-05
6_360_-3,6,360,-3,1,-0.002608368,0.001816776,0.039550005,-0.000209108,-0.002882585,2.88E-05
6_360_-1,6,360,-1,1,-0.002184385,0.00051462,0.036248357,-0.000247596,-0.002905473,-8.19E-05
6_360_-5,6,360,-5,2,-0.009031743,0.012881929,0.115168716,-0.000623315,-0.007577176,0.000743547
6_360_-3,6,360,-3,2,-0.00957186,0.011077335,0.124037508,-0.000720985,-0.008315118,0.000620446
6_360_-1,6,360,-1,2,-0.010334552,0.008673967,0.133115217,-0.000834428,-0.009103416,0.000449672
6_360_-5,6,360,-5,3,-0.021018492,0.025243409,0.211659914,-0.001616403,-0.012985067,0.001401559
6_360_-3,6,360,-3,3,-0.02228828,0.020858066,0.222757455,-0.001756542,-0.013778795,0.001156834
6_360_-1,6,360,-1,3,-0.023747451,0.01630441,0.234649127,-0.001932363,-0.014691009,0.000850657
4_360_-5,4,360,-5,1,-0.001161103,0.00185844,0.032373601,-0.000136492,-0.002241069,2.06E-05
4_360_-5,4,360,-5,2,-0.005646873,0.012469804,0.113344354,-0.000545469,-0.007445932,0.00075107
4_360_-5,4,360,-5,3,-0.014668091,0.02535332,0.211712924,-0.001521246,-0.013075895,0.001455682
4_360_-3,4,360,-3,1,-0.001155229,0.001762269,0.037315363,-0.000151542,-0.002704928,2.83E-05
4_360_-3,4,360,-3,2,-0.005848617,0.0111257,0.121992515,-0.000629641,-0.008207999,0.000634438
4_360_-3,4,360,-3,3,-0.01525281,0.020631771,0.220811821,-0.001671143,-0.013770031,0.00119582
4_360_-1,4,360,-1,1,-0.001251341,0.001102838,0.040037331,-0.000181708,-0.003057365,-2.27E-05
4_360_-1,4,360,-1,2,-0.006236984,0.008832648,0.131364173,-0.000750135,-0.008977324,0.000484687
4_360_-1,4,360,-1,3,-0.016204564,0.016003988,0.230611224,-0.001830674,-0.014506248,0.000920138
12_330_-5,12,330,-5,1,-0.006252886,0.00224375,0.036867782,-0.000294939,-0.002622686,5.55E-05
12_330_-3,12,330,-3,1,-0.004777763,0.000582152,0.031092153,-0.000329367,-0.002437134,-7.69E-05
12_330_-1,12,330,-1,1,-0.004300552,-0.000190893,0.029145802,-0.000382831,-0.002537281,-0.000167592
12_330_-5,12,330,-5,2,-0.020081687,0.01330545,0.113741089,-0.000816069,-0.007457331,0.000683415
12_330_-3,12,330,-3,2,-0.021139928,0.011192891,0.120789015,-0.000908051,-0.008089679,0.000523491
12_330_-1,12,330,-1,2,-0.022681568,0.008726584,0.128101116,-0.001024767,-0.008682235,0.000308544
12_330_-5,12,330,-5,3,-0.044667746,0.027676212,0.214845409,-0.00183354,-0.012421104,0.001168839
12_330_-3,12,330,-3,3,-0.046515353,0.023409885,0.227222013,-0.001983619,-0.013256152,0.000880115
12_330_-1,12,330,-1,3,-0.047788123,0.018017547,0.237033545,-0.002126885,-0.013934646,0.00051013
10_330_-5,10,330,-5,1,-0.004744682,0.002170343,0.035228579,-0.000253352,-0.002489449,6.04E-05
10_330_-3,10,330,-3,1,-0.004346846,0.001162294,0.034325348,-0.000284593,-0.002583271,-1.42E-05
10_330_-1,10,330,-1,1,-0.003821442,7.03E-05,0.031710718,-0.000332676,-0.002657343,-0.000121478
10_330_-5,10,330,-5,2,-0.016236864,0.013175444,0.112991542,-0.000762843,-0.00737408,0.000709388
10_330_-3,10,330,-3,2,-0.017235082,0.011106445,0.120722013,-0.000854122,-0.008032287,0.000563853
10_330_-1,10,330,-1,2,-0.01822957,0.008839334,0.12733655,-0.000951963,-0.00864822,0.00036184
10_330_-5,10,330,-5,3,-0.035651284,0.026024997,0.205647631,-0.001703272,-0.012032328,0.001172203
10_330_-3,10,330,-3,3,-0.038959977,0.022209629,0.225486496,-0.001950361,-0.013224992,0.000949719
10_330_-1,10,330,-1,3,-0.040000321,0.017303955,0.235509729,-0.002086649,-0.013961347,0.00061369
8_330_-5,8,330,-5,1,-0.003416862,0.002150359,0.033854761,-0.000212982,-0.002375204,6.54E-05
8_330_-3,8,330,-3,1,-0.003674525,0.00176623,0.037887573,-0.00023714,-0.002754908,4.43E-05
8_330_-1,8,330,-1,1,-0.002768907,0.000259675,0.031220909,-0.000287861,-0.002614821,-9.60E-05
8_330_-5,8,330,-5,2,-0.012568036,0.013136314,0.111884841,-0.000704615,-0.007306183,0.00072268
8_330_-3,8,330,-3,2,-0.01325589,0.011122702,0.119875537,-0.000791096,-0.007945068,0.000597031
8_330_-1,8,330,-1,2,-0.013963754,0.008862281,0.126193559,-0.000885721,-0.008541887,0.000401318
8_330_-5,8,330,-5,3,-0.029041605,0.025226348,0.206522267,-0.001659559,-0.012070695,0.001256572
8_330_-3,8,330,-3,3,-0.03052093,0.020962692,0.218550471,-0.001851275,-0.012936106,0.000997744
8_330_-1,8,330,-1,3,-0.032165086,0.016100742,0.230901314,-0.00200792,-0.013790337,0.000687425
6_330_-5,6,330,-5,1,-0.002217106,0.002167781,0.032550926,-0.000172058,-0.002269303,6.91E-05
6_330_-3,6,330,-3,1,-0.002385629,0.001970848,0.037062116,-0.000192403,-0.002691476,6.30E-05
6_330_-1,6,330,-1,1,-0.002060533,0.000765054,0.034536645,-0.000229966,-0.002741522,-4.00E-05
6_330_-5,6,330,-5,2,-0.009098969,0.012905836,0.110679834,-0.000642299,-0.007228112,0.000735332
6_330_-3,6,330,-3,2,-0.009594874,0.011206548,0.118651593,-0.000731477,-0.007880553,0.000616612
6_330_-1,6,330,-1,2,-0.010111404,0.009008091,0.126607496,-0.000814987,-0.008556636,0.000458373
6_330_-5,6,330,-5,3,-0.022129233,0.024484199,0.203504285,-0.00161252,-0.01207073,0.001295521
6_330_-3,6,330,-3,3,-0.02370284,0.020320379,0.216786879,-0.001768654,-0.012895439,0.001063475
6_330_-1,6,330,-1,3,-0.02468197,0.01564345,0.22777139,-0.001936272,-0.013719019,0.000770962
4_330_-5,4,330,-5,1,-0.001091216,0.002112652,0.031096422,-0.000126295,-0.002148211,6.42E-05
4_330_-5,4,330,-5,2,-0.00589201,0.012724941,0.10983144,-0.000578321,-0.007168342,0.000747774
4_330_-5,4,330,-5,3,-0.015604425,0.023551836,0.201796013,-0.001548775,-0.012089049,0.001343815
4_330_-3,4,330,-3,1,-0.001061304,0.001955174,0.035396812,-0.000142942,-0.002556505,6.44E-05
4_330_-3,4,330,-3,2,-0.006038097,0.011087636,0.116975531,-0.000652675,-0.007787206,0.000628007
4_330_-3,4,330,-3,3,-0.016590265,0.019507341,0.211993969,-0.001694608,-0.012768476,0.001094441
4_330_-1,4,330,-1,1,-0.001115149,0.001211204,0.036827101,-0.000170691,-0.002820853,3.95E-06
4_330_-1,4,330,-1,2,-0.006297385,0.009176639,0.12517306,-0.000754336,-0.00847915,0.000488723
4_330_-1,4,330,-1,3,-0.017363392,0.015039907,0.222506168,-0.001841866,-0.013478642,0.000834817
12_300_-5,12,300,-5,1,-0.005677165,0.002353601,0.033953436,-0.000263852,-0.00240099,8.88E-05
12_300_-3,12,300,-3,1,-0.006283567,0.00195381,0.038150683,-0.000295227,-0.00278882,6.14E-05
12_300_-1,12,300,-1,1,-0.007002632,0.001240745,0.042995747,-0.000330371,-0.003225139,-2.60E-06
12_300_-5,12,300,-5,2,-0.019493555,0.013028102,0.107884415,-0.00081191,-0.006974159,0.000661034
12_300_-3,12,300,-3,2,-0.020415947,0.010846611,0.113234651,-0.000900086,-0.007454618,0.000494358
12_300_-1,12,300,-1,2,-0.021876739,0.008392027,0.119669245,-0.00099369,-0.007923321,0.000296844
12_300_-5,12,300,-5,3,-0.044339076,0.027140017,0.206878586,-0.001782306,-0.011312796,0.001032832
12_300_-3,12,300,-3,3,-0.04555849,0.022080857,0.214486858,-0.001900592,-0.011809722,0.000706845
12_300_-1,12,300,-1,3,-0.046372324,0.016263089,0.22084709,-0.002031432,-0.012226514,0.000328808
10_300_-5,10,300,-5,1,-0.004391516,0.002353622,0.032981478,-0.000227452,-0.002314448,9.77E-05
10_300_-3,10,300,-3,1,-0.004865936,0.002038948,0.037210785,-0.000260283,-0.002707401,7.62E-05
10_300_-1,10,300,-1,1,-0.005556705,0.001302357,0.042222945,-0.000288048,-0.003161544,1.18E-05
10_300_-5,10,300,-5,2,-0.015915185,0.01295592,0.107613938,-0.000766527,-0.006927247,0.00068915
10_300_-3,10,300,-3,2,-0.016646684,0.010906962,0.113622066,-0.000854466,-0.007468682,0.000541696
10_300_-1,10,300,-1,2,-0.017672192,0.008408149,0.119139418,-0.000941129,-0.007924507,0.000349802
10_300_-5,10,300,-5,3,-0.037644921,0.026457262,0.206562583,-0.001757961,-0.011381062,0.001099899
10_300_-3,10,300,-3,3,-0.038850395,0.021671808,0.216160494,-0.001885301,-0.012017286,0.000822187
10_300_-1,10,300,-1,3,-0.039494656,0.01604999,0.223070762,-0.002004326,-0.012458763,0.000457997
8_300_-5,8,300,-5,1,-0.003190322,0.002366411,0.032014761,-0.000192026,-0.002231893,0.000103532
8_300_-3,8,300,-3,1,-0.003491253,0.002029787,0.036160157,-0.000218548,-0.00261637,8.33E-05
8_300_-1,8,300,-1,1,-0.003957614,0.001373688,0.040720856,-0.000247947,-0.003044819,2.34E-05
8_300_-5,8,300,-5,2,-0.012481015,0.012952701,0.106899189,-0.000717877,-0.006883117,0.000704315
8_300_-3,8,300,-3,2,-0.012967644,0.011032391,0.113396659,-0.000795798,-0.007429253,0.000580039
8_300_-1,8,300,-1,2,-0.013658397,0.008468604,0.11892911,-0.000887748,-0.007905838,0.000400834
8_300_-5,8,300,-5,3,-0.030279032,0.025167307,0.202186367,-0.001706501,-0.011331661,0.001147642
8_300_-3,8,300,-3,3,-0.031733859,0.02085617,0.214520159,-0.001852384,-0.012054588,0.000897864
8_300_-1,8,300,-1,3,-0.032370746,0.015430797,0.221790267,-0.001968163,-0.012568453,0.000568194
6_300_-5,6,300,-5,1,-0.002073319,0.00238743,0.031009884,-0.000157063,-0.002151429,0.000107781
6_300_-3,6,300,-3,1,-0.002239551,0.002102558,0.035045586,-0.000178137,-0.002533274,9.12E-05
6_300_-1,6,300,-1,1,-0.002592144,0.001517101,0.039579303,-0.000208085,-0.002959918,3.91E-05
6_300_-5,6,300,-5,2,-0.009186867,0.012746276,0.105970726,-0.000663018,-0.006829994,0.000718005
6_300_-3,6,300,-3,2,-0.009534964,0.011030505,0.11258955,-0.000739918,-0.007382445,0.000601279
6_300_-1,6,300,-1,2,-0.010007797,0.008788211,0.118757403,-0.000823159,-0.007927288,0.000445379
6_300_-5,6,300,-5,3,-0.023641998,0.024433973,0.199131983,-0.001642,-0.011231903,0.00118232
6_300_-3,6,300,-3,3,-0.024623277,0.01999529,0.210095545,-0.001781834,-0.011940417,0.000952668
6_300_-1,6,300,-1,3,-0.025272579,0.014873641,0.219206275,-0.001914624,-0.012541373,0.000652558
4_300_-5,4,300,-5,1,-0.001031919,0.002339596,0.029887784,-0.000118945,-0.002058797,0.000102565
4_300_-5,4,300,-5,2,-0.006137278,0.012607421,0.105454338,-0.000605714,-0.006796272,0.000731947
4_300_-5,4,300,-5,3,-0.017418981,0.02356266,0.197166827,-0.001590981,-0.011304803,0.001241284
4_300_-3,4,300,-3,1,-0.001040649,0.002114207,0.033791888,-0.000136648,-0.002431886,9.28E-05
4_300_-3,4,300,-3,2,-0.00620953,0.010867663,0.111687665,-0.000672994,-0.007323972,0.000616051
4_300_-3,4,300,-3,3,-0.018034092,0.019153726,0.206537091,-0.0017169,-0.011863962,0.000993409
4_300_-1,4,300,-1,1,-0.001294003,0.001606124,0.038280374,-0.000158871,-0.002857332,4.94E-05
4_300_-1,4,300,-1,2,-0.006383314,0.008943704,0.118016319,-0.000756468,-0.007880259,0.000479113
4_300_-1,4,300,-1,3,-0.018391002,0.014161636,0.215168234,-0.001839892,-0.012405905,0.000727005
12_270_-5,12,270,-5,1,-0.005280154,0.00254339,0.03184044,-0.000238279,-0.002232783,0.000123513
12_270_-3,12,270,-3,1,-0.005837114,0.002071155,0.035520074,-0.000267428,-0.002577583,8.72E-05
12_270_-1,12,270,-1,1,-0.006485066,0.001311835,0.039516341,-0.000297567,-0.002948889,1.88E-05
12_270_-5,12,270,-5,2,-0.019040879,0.012333923,0.101250758,-0.000803148,-0.006386362,0.000614578
12_270_-3,12,270,-3,2,-0.020019936,0.010309595,0.105879356,-0.000872771,-0.006745245,0.000451424
12_270_-1,12,270,-1,2,-0.02125352,0.007970513,0.11167921,-0.000965881,-0.007154671,0.000268277
12_270_-5,12,270,-5,3,-0.041247555,0.024391021,0.185954681,-0.001694229,-0.009621069,0.000722422
12_270_-3,12,270,-3,3,-0.042240124,0.018741454,0.192019049,-0.001819038,-0.010014639,0.000459623
12_270_-1,12,270,-1,3,-0.043223726,0.013002005,0.197440394,-0.001942307,-0.010401442,0.000158182
10_270_-5,10,270,-5,1,-0.00411251,0.002540783,0.031145164,-0.000206834,-0.002168075,0.000131294
10_270_-3,10,270,-3,1,-0.00458113,0.002079491,0.034959103,-0.000235343,-0.002526643,9.41E-05
10_270_-1,10,270,-1,1,-0.005170491,0.001358001,0.038937912,-0.00026044,-0.002897612,3.00E-05
10_270_-5,10,270,-5,2,-0.015525326,0.01226822,0.10105323,-0.000773393,-0.006381459,0.000643636
10_270_-3,10,270,-3,2,-0.016303614,0.010089795,0.105814254,-0.000850662,-0.006774039,0.000493876
10_270_-1,10,270,-1,2,-0.017327826,0.007866757,0.110819803,-0.000921668,-0.007150252,0.000316786
10_270_-5,10,270,-5,3,-0.035502901,0.023559564,0.186928936,-0.001684832,-0.009644941,0.00079328
10_270_-3,10,270,-3,3,-0.036459979,0.018511761,0.193598476,-0.001801403,-0.010072517,0.000538257
10_270_-1,10,270,-1,3,-0.037361384,0.012767196,0.199468746,-0.001922035,-0.010476245,0.000250282
8_270_-5,8,270,-5,1,-0.00299938,0.002539537,0.030412017,-0.000176316,-0.002106523,0.000134961
8_270_-3,8,270,-3,1,-0.003369512,0.002126389,0.034216051,-0.000199986,-0.002462795,0.000103965
8_270_-1,8,270,-1,1,-0.003771248,0.00145657,0.038111465,-0.000226376,-0.002827398,4.37E-05
8_270_-5,8,270,-5,2,-0.012327478,0.012316255,0.101011352,-0.000729406,-0.006369767,0.000667807
8_270_-3,8,270,-3,2,-0.012724357,0.01008056,0.105591943,-0.000809889,-0.006766429,0.000533929
8_270_-1,8,270,-1,2,-0.013594459,0.007674888,0.110353632,-0.000886431,-0.007137122,0.000364199
8_270_-5,8,270,-5,3,-0.029961457,0.023786832,0.190090395,-0.001654834,-0.009896074,0.00091967
8_270_-3,8,270,-3,3,-0.030702816,0.018300075,0.196488137,-0.001779711,-0.010265744,0.000659482
8_270_-1,8,270,-1,3,-0.031405768,0.012733927,0.202297552,-0.001885797,-0.01069388,0.000374946
6_270_-5,6,270,-5,1,-0.001954325,0.002535019,0.029646855,-0.000146858,-0.00204566,0.000136626
6_270_-3,6,270,-3,1,-0.002244525,0.002137891,0.033405554,-0.00016355,-0.002404813,0.000106058
6_270_-1,6,270,-1,1,-0.002548332,0.001574146,0.037320267,-0.000193437,-0.002770494,5.59E-05
6_270_-5,6,270,-5,2,-0.009240773,0.012270463,0.100537238,-0.00068551,-0.006355428,0.000684216
6_270_-3,6,270,-3,2,-0.009520145,0.010210638,0.105515351,-0.000754161,-0.006769132,0.000565425
6_270_-1,6,270,-1,2,-0.010078715,0.00776658,0.110150612,-0.000838878,-0.007173998,0.000411573
6_270_-5,6,270,-5,3,-0.023993852,0.023138065,0.190809929,-0.001634296,-0.010083733,0.001025852
6_270_-3,6,270,-3,3,-0.024575947,0.018255015,0.196661997,-0.001725983,-0.010455968,0.000766717
6_270_-1,6,270,-1,3,-0.025103948,0.012822885,0.202599845,-0.001837661,-0.01081302,0.000467084
4_270_-5,4,270,-5,1,-0.001027678,0.002488415,0.028835075,-0.000114732,-0.001983242,0.000130358
4_270_-5,4,270,-5,2,-0.006341581,0.012245408,0.100374799,-0.000635655,-0.006356561,0.000702591
4_270_-5,4,270,-5,3,-0.01813141,0.022904694,0.189341555,-0.00158637,-0.010164932,0.001084141
4_270_-3,4,270,-3,1,-0.001145354,0.002179635,0.03238436,-0.000129825,-0.00232289,0.000109875
4_270_-3,4,270,-3,2,-0.006415058,0.010305241,0.105339213,-0.000696504,-0.006770828,0.00058613
4_270_-3,4,270,-3,3,-0.01853806,0.017736053,0.196366962,-0.001697142,-0.010558269,0.000838884
4_270_-1,4,270,-1,1,-0.001351112,0.001687886,0.036242044,-0.000153694,-0.002685167,6.79E-05
4_270_-1,4,270,-1,2,-0.006629542,0.008049192,0.109861681,-0.000771853,-0.007169406,0.000448352
4_270_-1,4,270,-1,3,-0.018783768,0.012456071,0.201478069,-0.00179193,-0.010904608,0.000565969
12_240_-5,12,240,-5,1,-0.005001373,0.002651711,0.030306019,-0.000216083,-0.002108545,0.000143617
12_240_-3,12,240,-3,1,-0.005598401,0.002157325,0.033648561,-0.000241201,-0.002421057,0.000104094
12_240_-1,12,240,-1,1,-0.006169411,0.001450329,0.037084776,-0.000270158,-0.002735849,4.19E-05
12_240_-5,12,240,-5,2,-0.018995302,0.011926099,0.095022251,-0.00078117,-0.005746925,0.000546429
12_240_-3,12,240,-3,2,-0.020125102,0.010077928,0.100568451,-0.000866133,-0.006106397,0.000397
12_240_-1,12,240,-1,2,-0.021479223,0.0078558,0.108650077,-0.000975406,-0.006670702,0.000258189
12_240_-5,12,240,-5,3,-0.038432096,0.022205626,0.168976925,-0.001589182,-0.008436949,0.000549731
12_240_-3,12,240,-3,3,-0.039035812,0.016782941,0.172617579,-0.001693253,-0.008700379,0.000298701
12_240_-1,12,240,-1,3,-0.03971122,0.011244807,0.176055699,-0.001799537,-0.008958695,2.54E-05
10_240_-5,10,240,-5,1,-0.003949303,0.002652033,0.029832906,-0.000190655,-0.002065791,0.000150779
10_240_-3,10,240,-3,1,-0.004453999,0.002156906,0.033235912,-0.000213817,-0.002383404,0.000110266
10_240_-1,10,240,-1,1,-0.004902965,0.001493282,0.036582834,-0.000240589,-0.002690382,5.27E-05
10_240_-5,10,240,-5,2,-0.015650832,0.01161694,0.095085865,-0.000759056,-0.005772201,0.000585408
10_240_-3,10,240,-3,2,-0.016486097,0.009695234,0.099722166,-0.000823988,-0.006102609,0.000443854
10_240_-1,10,240,-1,2,-0.017254641,0.007477662,0.10465985,-0.000918751,-0.006465553,0.000276184
10_240_-5,10,240,-5,3,-0.032792532,0.021179418,0.168949537,-0.001587278,-0.008429502,0.000606632
10_240_-3,10,240,-3,3,-0.033592436,0.016202858,0.172862271,-0.00168737,-0.008701996,0.000356487
10_240_-1,10,240,-1,3,-0.034315967,0.01081648,0.176329076,-0.001784457,-0.00893877,8.55E-05
8_240_-5,8,240,-5,1,-0.002969583,0.002647455,0.029327599,-0.000163748,-0.002025735,0.000153401
8_240_-3,8,240,-3,1,-0.003321204,0.002188261,0.032605769,-0.00018297,-0.002330119,0.000117164
8_240_-1,8,240,-1,1,-0.003616695,0.001571531,0.035880769,-0.000210955,-0.002630968,6.48E-05
8_240_-5,8,240,-5,2,-0.012530711,0.011331647,0.094533753,-0.000738969,-0.005743031,0.000603826
8_240_-3,8,240,-3,2,-0.013214655,0.009439495,0.099660463,-0.000799658,-0.006115073,0.00048226
8_240_-1,8,240,-1,2,-0.013749795,0.00724565,0.103207009,-0.000872638,-0.006407325,0.000313972
8_240_-5,8,240,-5,3,-0.027455627,0.020662808,0.16782596,-0.001558699,-0.008379263,0.000648595
8_240_-3,8,240,-3,3,-0.028119919,0.015834991,0.172228476,-0.001654253,-0.008660989,0.000413276
8_240_-1,8,240,-1,3,-0.028829187,0.01027882,0.176165338,-0.001762261,-0.008905067,0.000153911
6_240_-5,6,240,-5,1,-0.002035545,0.002633337,0.028764589,-0.000137727,-0.001983423,0.000153841
6_240_-3,6,240,-3,1,-0.002266714,0.002200165,0.031926856,-0.000153268,-0.00228032,0.000120217
6_240_-1,6,240,-1,1,-0.002485738,0.001661906,0.03527603,-0.000184859,-0.002590592,7.46E-05
6_240_-5,6,240,-5,2,-0.00940897,0.011145972,0.093682163,-0.000710608,-0.005742702,0.000618088
6_240_-3,6,240,-3,2,-0.009947033,0.00914176,0.098525233,-0.000772345,-0.006087268,0.000507206
6_240_-1,6,240,-1,2,-0.010627287,0.007089359,0.103823121,-0.000847326,-0.006490595,0.000367079
6_240_-5,6,240,-5,3,-0.022251279,0.02003513,0.168734137,-0.001540218,-0.008402509,0.000722899
6_240_-3,6,240,-3,3,-0.022630599,0.014988255,0.171880482,-0.001641251,-0.008629738,0.000468766
6_240_-1,6,240,-1,3,-0.023400232,0.009724171,0.175823033,-0.001740547,-0.008856311,0.000215427
4_240_-5,4,240,-5,1,-0.001193204,0.002598317,0.028117358,-0.000108597,-0.001936871,0.00014925
4_240_-5,4,240,-5,2,-0.006574757,0.011187959,0.09364532,-0.000668503,-0.005778062,0.000642471
4_240_-5,4,240,-5,3,-0.017107847,0.019797869,0.168304377,-0.001514687,-0.008429922,0.000769209
4_240_-3,4,240,-3,1,-0.001280131,0.002229839,0.03114724,-0.000124006,-0.002220511,0.000123355
4_240_-3,4,240,-3,2,-0.006811512,0.009062812,0.097667286,-0.000734511,-0.006083239,0.000525264
4_240_-3,4,240,-3,3,-0.017421608,0.014898489,0.17171877,-0.001608108,-0.008634972,0.000527305
4_240_-1,4,240,-1,1,-0.00138387,0.001756195,0.03439589,-0.000152651,-0.002522957,8.46E-05
4_240_-1,4,240,-1,2,-0.007272347,0.00694802,0.101985418,-0.000803854,-0.006407524,0.000398012
4_240_-1,4,240,-1,3,-0.017961775,0.00953331,0.176010966,-0.00169805,-0.008895997,0.000299367
12_210_-5,12,210,-5,1,-0.004988702,0.002793278,0.029276767,-0.00019752,-0.002019561,0.000159181
12_210_-3,12,210,-3,1,-0.005478037,0.002313025,0.032338038,-0.000223001,-0.002281497,0.000120957
12_210_-1,12,210,-1,1,-0.006180326,0.002010863,0.036527908,-0.000258838,-0.002593525,6.41E-05
12_210_-5,12,210,-5,2,-0.020019566,0.012373596,0.094077744,-0.000800781,-0.005302939,0.000495078
12_210_-3,12,210,-3,2,-0.02068596,0.0101951,0.098387917,-0.000858706,-0.005588321,0.000355257
12_210_-1,12,210,-1,2,-0.021114314,0.007669046,0.101916655,-0.000916537,-0.00582371,0.000185712
12_210_-5,12,210,-5,3,-0.036156138,0.020452578,0.15470488,-0.001483588,-0.007404047,0.000408814
12_210_-3,12,210,-3,3,-0.036590497,0.015098395,0.156870901,-0.001568834,-0.007582297,0.000187655
12_210_-1,12,210,-1,3,-0.037133049,0.009821056,0.158837617,-0.001654963,-0.007757322,-6.09E-05
10_210_-5,10,210,-5,1,-0.003978633,0.002775444,0.02886385,-0.000175994,-0.001982806,0.000165063
10_210_-3,10,210,-3,1,-0.004344378,0.002293177,0.031751206,-0.000201276,-0.002240487,0.000128166
10_210_-1,10,210,-1,1,-0.004789333,0.001717542,0.03505729,-0.000231294,-0.002512785,7.79E-05
10_210_-5,10,210,-5,2,-0.016544886,0.011717346,0.092152075,-0.000775816,-0.005236716,0.000511471
10_210_-3,10,210,-3,2,-0.017438372,0.009869425,0.098105077,-0.000847268,-0.005619735,0.000392925
10_210_-1,10,210,-1,2,-0.017849277,0.007413606,0.102037888,-0.000905132,-0.005886032,0.000237303
10_210_-5,10,210,-5,3,-0.03075179,0.019137929,0.153543391,-0.001474925,-0.00735722,0.000469488
10_210_-3,10,210,-3,3,-0.031378546,0.014167389,0.156132872,-0.001559885,-0.007554038,0.00024185
10_210_-1,10,210,-1,3,-0.031967795,0.009023185,0.158217659,-0.001642897,-0.007713506,-8.12E-06
8_210_-5,8,210,-5,1,-0.003037842,0.002743744,0.028437102,-0.000153217,-0.001948717,0.000165885
8_210_-3,8,210,-3,1,-0.003257845,0.002312163,0.031183642,-0.000177013,-0.002194752,0.000134036
8_210_-1,8,210,-1,1,-0.003525082,0.001730954,0.034097616,-0.000205047,-0.002448259,8.72E-05
8_210_-5,8,210,-5,2,-0.013254704,0.011151894,0.090477605,-0.000735926,-0.005157013,0.000531893
8_210_-3,8,210,-3,2,-0.013833648,0.00933086,0.09541758,-0.000819252,-0.005535667,0.000412463
8_210_-1,8,210,-1,2,-0.014513909,0.006951497,0.100704967,-0.000884098,-0.005867386,0.000275786
8_210_-5,8,210,-5,3,-0.025335522,0.01759281,0.151831223,-0.001469716,-0.007297076,0.000521803
8_210_-3,8,210,-3,3,-0.02608126,0.013166043,0.154915588,-0.001548557,-0.007498172,0.000291784
8_210_-1,8,210,-1,3,-0.026775989,0.008271449,0.157402745,-0.001629095,-0.007663642,4.59E-05
6_210_-5,6,210,-5,1,-0.002142914,0.002710804,0.027963342,-0.000131841,-0.001913893,0.000165806
6_210_-3,6,210,-3,1,-0.002266365,0.002312762,0.030606078,-0.000153165,-0.002153517,0.000137733
6_210_-1,6,210,-1,1,-0.002468592,0.001784267,0.033575564,-0.000183612,-0.002416715,9.62E-05
6_210_-5,6,210,-5,2,-0.010262645,0.010853108,0.089075394,-0.000717729,-0.005155221,0.000547032
6_210_-3,6,210,-3,2,-0.010866252,0.008931883,0.094837154,-0.000787059,-0.005517892,0.000446402
6_210_-1,6,210,-1,2,-0.011214301,0.006724933,0.099185585,-0.000852987,-0.005825278,0.000309546
6_210_-5,6,210,-5,3,-0.02032164,0.016784297,0.15091523,-0.001455648,-0.007259529,0.000573801
6_210_-3,6,210,-3,3,-0.020812608,0.012217574,0.153619474,-0.00152982,-0.007436967,0.000343499
6_210_-1,6,210,-1,3,-0.021668462,0.007633916,0.156492971,-0.001607947,-0.007615515,0.000100446
4_210_-5,4,210,-5,1,-0.00131446,0.002688974,0.027406678,-0.000109351,-0.001874585,0.000164169
4_210_-5,4,210,-5,2,-0.007338677,0.010304103,0.088024972,-0.000691645,-0.005163902,0.00057502
4_210_-5,4,210,-5,3,-0.015467564,0.016178998,0.149462785,-0.001429557,-0.00721937,0.000616942
4_210_-3,4,210,-3,1,-0.001346066,0.002322973,0.029984877,-0.000128583,-0.002109042,0.000139903
4_210_-3,4,210,-3,2,-0.007762081,0.008537447,0.09259699,-0.000754322,-0.005452355,0.000460143
4_210_-3,4,210,-3,3,-0.015831962,0.011655103,0.152363174,-0.001506165,-0.007395941,0.000399982
4_210_-1,4,210,-1,1,-0.001427751,0.001846019,0.032784049,-0.000156193,-0.002360791,0.000103306
4_210_-1,4,210,-1,2,-0.008056341,0.00643908,0.097103972,-0.000813583,-0.005741618,0.000340949
4_210_-1,4,210,-1,3,-0.01638173,0.00693871,0.155163763,-0.001577014,-0.007567088,0.000172452
12_180_-5,12,180,-5,1,-0.005188327,0.003309852,0.029453189,-0.000200345,-0.001951912,0.000171408
12_180_-3,12,180,-3,1,-0.005501603,0.002736689,0.031428031,-0.000224452,-0.002130871,0.000128349
12_180_-1,12,180,-1,1,-0.005942833,0.002133179,0.033757478,-0.000258172,-0.002324569,7.30E-05
12_180_-5,12,180,-5,2,-0.018394953,0.010896174,0.082323046,-0.000747766,-0.004264775,0.000319564
12_180_-3,12,180,-3,2,-0.018822609,0.008379579,0.084938467,-0.000803196,-0.004435823,0.000199655
12_180_-1,12,180,-1,2,-0.019259464,0.005782372,0.08739738,-0.00085837,-0.004607742,6.66E-05
12_180_-5,12,180,-5,3,-0.033974809,0.018150576,0.140869301,-0.001381942,-0.006429765,0.000288091
12_180_-3,12,180,-3,3,-0.034462254,0.013032164,0.14200796,-0.0014515,-0.00652936,8.37E-05
12_180_-1,12,180,-1,3,-0.034929195,0.007608311,0.142619239,-0.001526121,-0.006614396,-0.000134741
10_180_-5,10,180,-5,1,-0.004185616,0.003285164,0.029187754,-0.000185302,-0.001925913,0.000177339
10_180_-3,10,180,-3,1,-0.004479901,0.002725651,0.031388194,-0.000209678,-0.002113696,0.000138919
10_180_-1,10,180,-1,1,-0.004763765,0.002134068,0.033365896,-0.000235879,-0.002298667,8.53E-05
10_180_-5,10,180,-5,2,-0.015842205,0.010484267,0.082838085,-0.000745648,-0.004277095,0.0003536
10_180_-3,10,180,-3,2,-0.016245277,0.008252786,0.085596818,-0.000795678,-0.004457072,0.000234706
10_180_-1,10,180,-1,2,-0.016645374,0.005656066,0.088282887,-0.000849441,-0.004638609,0.000107372
10_180_-5,10,180,-5,3,-0.028797413,0.016109953,0.13886031,-0.001386346,-0.006358284,0.000354524
10_180_-3,10,180,-3,3,-0.029435112,0.011206046,0.140348899,-0.001456952,-0.006472323,0.000144778
10_180_-1,10,180,-1,3,-0.029857443,0.006276872,0.141382464,-0.001525105,-0.006556878,-7.99E-05
8_180_-5,8,180,-5,1,-0.00322965,0.003246657,0.028861251,-0.000167363,-0.001901061,0.000181027
8_180_-3,8,180,-3,1,-0.003442473,0.002736594,0.031117951,-0.000192299,-0.002087319,0.000146708
8_180_-1,8,180,-1,1,-0.003642125,0.002094376,0.033059447,-0.000217942,-0.002262923,9.62E-05
8_180_-5,8,180,-5,2,-0.013341297,0.010606489,0.083947658,-0.000728548,-0.004376718,0.000406518
8_180_-3,8,180,-3,2,-0.01369004,0.00813335,0.086909699,-0.000786883,-0.004541664,0.000288339
8_180_-1,8,180,-1,2,-0.014018118,0.005612706,0.089507794,-0.000833272,-0.004730035,0.000161435
8_180_-5,8,180,-5,3,-0.023642983,0.01428968,0.136582718,-0.001381449,-0.006276475,0.000407959
8_180_-3,8,180,-3,3,-0.024088373,0.009811406,0.138324199,-0.001447332,-0.006393534,0.000199746
8_180_-1,8,180,-1,3,-0.02455468,0.005183814,0.139733529,-0.001511884,-0.006490927,-1.62E-05
6_180_-5,6,180,-5,1,-0.002320962,0.003176168,0.028526205,-0.000149749,-0.001874736,0.000183577
6_180_-3,6,180,-3,1,-0.002464008,0.002728983,0.030748324,-0.000175216,-0.002061318,0.000151166
6_180_-1,6,180,-1,1,-0.002647344,0.00209165,0.032998456,-0.000202369,-0.002254575,0.000107622
6_180_-5,6,180,-5,2,-0.010679242,0.010282838,0.084356904,-0.000720203,-0.004457418,0.000453519
6_180_-3,6,180,-3,2,-0.01093845,0.008067991,0.086902589,-0.000761917,-0.00461582,0.000336575
6_180_-1,6,180,-1,2,-0.011195563,0.005599305,0.089545202,-0.000811258,-0.004778139,0.000203371
6_180_-5,6,180,-5,3,-0.018924913,0.013723894,0.135445819,-0.001365917,-0.006250223,0.000457892
6_180_-3,6,180,-3,3,-0.019247853,0.00929106,0.137296907,-0.001425915,-0.006374082,0.000250746
6_180_-1,6,180,-1,3,-0.019573756,0.004801868,0.138974236,-0.001491232,-0.006496706,4.43E-05
4_180_-5,4,180,-5,1,-0.001456776,0.003008719,0.02786346,-0.000128645,-0.001829291,0.000184213
4_180_-5,4,180,-5,2,-0.008055278,0.010181785,0.083693716,-0.000699707,-0.004488261,0.000480076
4_180_-5,4,180,-5,3,-0.014295718,0.013310595,0.134219809,-0.001340095,-0.006244963,0.000506216
4_180_-3,4,180,-3,1,-0.001527091,0.002725021,0.030259411,-0.000152125,-0.002034,0.0001549
4_180_-3,4,180,-3,2,-0.008246776,0.007881736,0.086811847,-0.000748661,-0.004661636,0.00036913
4_180_-3,4,180,-3,3,-0.014520743,0.009036387,0.136320231,-0.001403114,-0.006390844,0.000310018
4_180_-1,4,180,-1,1,-0.001626682,0.002162481,0.032630619,-0.000182302,-0.002228823,0.000115025
4_180_-1,4,180,-1,2,-0.008385667,0.005454285,0.089116263,-0.000791274,-0.004815556,0.000245525
4_180_-1,4,180,-1,3,-0.014730036,0.004635222,0.138205211,-0.001463125,-0.006539165,0.000106992
